Workbook
Name a_: #REF!
Name Arccos_x: Υπολογισμοί!#REF!
Name Arccos_x: [1]Sheet1!$A$7
Name cvTMP: Υπολογισμοί!#REF!
Name cvTMP: [1]Sheet1!$A$8
Name D_: #REF!
Name D_: #REF!
Name h_: #REF!
Name h_: #REF!
Name H_Cyl: Υπολογισμοί!#REF!
Name H_Cyl: [1]Sheet1!$D$7
Name H_HemiSphere: Υπολογισμοί!#REF!
Name H_HemiSphere: [1]Sheet1!$D$8
Name L_: #REF!
Name L_: #REF!
Name L_Cyl: Υπολογισμοί!#REF!
Name L_Cyl: [1]Sheet1!$D$6
Name R_: #REF!
Name R_: #REF!
Name R_Cyl: Υπολογισμοί!#REF!
Name R_Cyl: [1]Sheet1!$D$5
Name Radius: Υπολογισμοί!#REF!
Name Radius: [1]Sheet1!$A$5
Name X_: Υπολογισμοί!#REF!
Name X_: [1]Sheet1!$A$6

Sheet ΠΛΟΗΓΗΣΗ
A1: Ερασιτεχνικό Πρόγραμμα Κοινοχρήστων Πολυκατοικίας (για μέχρι 22 Διαμερίσματα & για 1 Χρόνο) | E1: Τα ΜΩΒ κελιά, σε μερικές Καρτέλες, είναι ΚΛΕΙΔΩΜΕΝΑ, σε αυτό το ΤΕΣΤ.
A2: Π Λ Ο Η Γ Η Σ Η
A3: Α/Α | B3: Απαιτούμενες Ενέργειες (Απαραίτητες κάθε Μήνα, όσες έχουν Κόκκινο Αριθμό) | C3: Πότε Χρειάζεται
A4: 1 | B4: Καταχώριση Στοιχείων Μηχανολόγου (Qολ-Qfi-Qai-Fεξi-Fπαρi & ύψος ορόφου) για Δημιουργία ή Έλεγχο Μηχανολογικής Μελέτης (fi & εi) & Αυτόνομης Θέρμανσης. | C4: Στην Αρχή, αν λείπουν ή το θέλετε
A5: =A4+1 -> 2 | B5: Ενημέρωση για τη Νομοθεσία: Κανονισμός Κατανομής Δαπανών Κεντρικής Θέρμανσης, Π.Δ. 27-9/7-11-85 (ΦΕΚ-631 Δ'). | C5: Αν θέλετε
A6: =A5+1 -> 3 | B6: Τροποποίηση (αν χρειάζεται) Κατηγοριών & Υποκατηγοριών Κοινόχρηστων Δαπανών (ΔΕΗ, Νερό, Καθαριότητα κλπ) στα Λευκά Κελιά του Πίνακα. | C6: Στην Αρχή & αν υπάρχει Αλλαγή
A7: =A6+1 -> 4 | B7: Καταχώριση Στοιχείων Διαμερισμάτων (Ιδιοκτήτης, Ένοικος, Εμβαδόν, Όροφος, Συντελεστές-Χιλιοστά κλπ) στα Λευκά Κελιά του Πίνακα. | C7: Στην Αρχή & όποτε υπάρχει Αλλαγή | E7: ΔΟΚΙΜΗ για 3 Διαμερίσματα.
A8: =A7+1 -> 5 | B8: Επιλογή Έτους & Μήνα Εκκίνησης, για την Παρακολούθηση & Εκτύπωση των Κοινοχρήστων μιας Πολυκατοικίας. | C8: Στην Αρχή & κάθε Χρόνο
A9: =A8+1 -> 6 | B9: Τροποποίηση-Καταχώριση Γενικών Στοιχείων (Διαχειριστής, Διεύθυνση, Πετρελαιάς κλπ) στα Πράσινα (ανοιχτά) Κελιά του Πίνακα. | C9: Στην Αρχή & όποτε υπάρχει Αλλαγή
A10: =A9+1 -> 7 | B10: Τροποποίηση-Καταχώριση Διαστάσεων Δεξαμενής Πετρελαίου στα Λευκά Κελιά του Πίνακα (πάνω αριστερά). | C10: Στην Αρχή μόνο
A11: =A10+1 -> 8 | B11: Τροποποίηση Στοιχείων Πρακτικού Παράδοσης-Παραλαβής Διαχείρισης (αν επιθυμείτε, για αποφυγή προβλημάτων) στα Λευκά Κελιά. | C11: Στην Αρχή, ο Νέος Διαχειριστής
A12: =A11+1 -> 9 | B12: Τροποποίηση-Δημιουργία Απολογισμού, για την Ετήσια Συνέλευση Ιδιοκτητών-Ενοικιαστών. | C12: Κάθε Χρόνο, αν το θέλετε
A13: =A12+1 -> 10 | B13: Στην Καρτέλα "Θέρμανση", Υπολογίζεται η Αυτόνομη Θέρμανση, δηλαδή η Κατανομή του Πετρελαίου βάσει των Ωρών. | C13: Το Παλιό Περιβόητο 30%
A14: =A13+1 -> 11 | B14: Τροποποίηση-Δημιουργία Ετήσιων Πινάκων Εξόδων-Εσόδων & Γραφήματος Εξόδων, για παρουσίαση στην Ετήσια Συνέλευση. | C14: Κάθε Χρόνο, αν το θέλετε
A15: =A14+1 -> 12 | B15: Τροποποίηση-Καταχώριση Στοιχείων Επισκέψεων Συντηρητή Ανελκυστήρα, για Έλεγχο τυχόν Εκκρεμοτήτων. | C15: Όποτε & αν θέλετε
A16: =A15+1 -> 13 | B16: Τροποποίηση-Δημιουργία Πίνακα για κάτι Έκτακτο, όπως π.χ. για την Ομαδική Τοποθέτηση "Καπέλων" Καμινάδων Τζακιών. | C16: Όποτε & αν χρειαστεί
A17: =A16+1 -> 14 | B17: Καταχώριση Στοιχείων Παραλαβής Πετρελαίου (αν υπάρχει) & Καταχώρηση Ύψους Δεξαμενής Πετρελαίου στις 28 του μήνα. | C17: Στο Τέλος κάθε Μήνα | E17: ΔΟΚΙΜΗ για 5 Καταχωρήσεις.
A18: =A17+1 -> 15 | B18: Καταχώριση Ενδείξεων Ωρομετρητών Αυτόνομης Θέρμανσης στις 28 του μήνα. | C18: Στο Τέλος κάθε Μήνα | E18: ΔΟΚΙΜΗ για 2 Μήνες.
A19: =A18+1 -> 16 | B19: Καταχώριση Κοινόχρηστων Δαπανών του μήνα που τελειώνει, στα Λευκά Κελιά του μεσαίου Πίνακα. | C19: Κάθε Μήνα | E19: ΔΟΚΙΜΗ για 2 Μήνες.
A20: =A19+1 -> 17 | B20: Καταχώριση Σχολίων-Πληροφοριών προς τους Ενοίκους, που θα εμφανίζονται στις 2 τελευταίες σειρές του Μηνιαίου Εντύπου Κοινοχρήστων. | C20: Κάθε Μήνα, αν το θέλετε
A21: =A20+1 -> 18 | B21: Καταχώριση Αναλυτικής Ενημέρωσης προς τους Ενοίκους, που θα Εκτυπώνετε στο πίσω μέρος του Μηνιαίου Εντύπου Κοινοχρήστων. | C21: Όποιο Μήνα θέλετε
A22: =A21+1 -> 19 | B22: Καταχώριση Προβλεπόμενων ΕΣΟΔΩΝ & ΕΞΟΔΩΝ στο Ταμείο Διαχείρισης Πολυκατοικίας & Τσεκάρισμα όταν Ολοκληρώνονται. | C22: Για κάθε Έσοδο ή Έξοδο
A23: =A22+1 -> 20 | B23: Τροποποίηση-Καταχώριση Αναλυτικά των Εξόδων για Αναλώσιμα Υλικά & ότι δεν περιλαμβάνεται στις άλλες Κατηγορίες Δαπανών. | C23: Για κάθε Αναλώσιμο, αν θέλετε
A24: =A23+1 -> 21 | B24: Μετακίνηση στην Έντυπη Κατάσταση Συνολικών Μηνιαίων Κοινοχρήστων, (ανά Ένοικο), για ΕΚΤΥΠΩΣΗ, για τον Πίνακα Ανακοινώσεων. | C24: Στο Τέλος κάθε Μήνα
A25: =A24+1 -> 22 | B25: Μετακίνηση στις Καρτέλες με τα Ατομικά Μηνιαία Κοινόχρηστα των Ενοίκων, για ΕΚΤΥΠΩΣΗ, για τα Διαμερίσματα 1&2. | C25: Στο Τέλος κάθε Μήνα
A26: =A25+1 -> 23 | B26: Μετακίνηση στις Καρτέλες με τα Ατομικά Μηνιαία Κοινόχρηστα των Ενοίκων, για ΕΚΤΥΠΩΣΗ, για τα Διαμερίσματα 3&4. | C26: Στο Τέλος κάθε Μήνα
A27: =A26+1 -> 24 | B27: Μετακίνηση στις Καρτέλες με τα Ατομικά Μηνιαία Κοινόχρηστα των Ενοίκων, για ΕΚΤΥΠΩΣΗ, για τα Διαμερίσματα 5&6. | C27: Στο Τέλος κάθε Μήνα
A28: =A27+1 -> 25 | B28: Μετακίνηση στις Καρτέλες με τα Ατομικά Μηνιαία Κοινόχρηστα των Ενοίκων, για ΕΚΤΥΠΩΣΗ, για τα Διαμερίσματα 7&8. | C28: Στο Τέλος κάθε Μήνα
A29: =A28+1 -> 26 | B29: Μετακίνηση στις Καρτέλες με τα Ατομικά Μηνιαία Κοινόχρηστα των Ενοίκων, για ΕΚΤΥΠΩΣΗ, για τα Διαμερίσματα 9&10 κλπ. | C29: Στο Τέλος κάθε Μήνα
A30: =A29+1 -> 27 | B30: Μετακίνηση στην Καρτέλα με την Αναλυτική Ενημέρωση προς τους Ενοίκους, για ΕΚΤΥΠΩΣΗ, πίσω από το Μηνιαίο Έντυπο Κοινοχρήστων. | C30: Όποιο Μήνα θέλετε
A32: Μετά τον 1ο Χρόνο, δημιουργήστε Αντίγραφο του αρχείου Excel & επιλέξτε Νέο Έτος και Μήνα Εκκίνησης.
A34: 1 | B34: για Μηνιαία Καταχώριση Στοιχείων ……………………………………………………………………………………….. | C34: Κόκκινες Καρτέλες
A35: 2 | B35: για Εκτύπωση Μηνιαίων Κοινοχρήστων …………………………………………………………………………………. | C35: Μπλε Καρτέλες
A36: 3 | B36: για Αρχική Καταχώριση Στοιχείων ………………………………………………………………………………………….. | C36: Πράσινες Καρτέλες
A37: 4 | B37: αν χρειαστούν & Βοηθητικά ή για Ενημέρωση ….…………………………………………………………………… | C37: Γκρι Καρτέλες
A39: ..… & λίγη Φ Λ Υ Α Ρ Ι Α ..…
A40: Το παρακάτω κείμενο, το έγραψα σε Φόρουμ Λίνουξ, που αναζητούσαν πρόγραμμα Κοινοχρήστων: Για Κοινόχρηστα σε windows υπάρχει το πρόγραμμα του RAM, είναι ΔΩΡΕΑΝ, αλλά έχει περιορισμένες δυνατότητες. Διαφορετικά πρέπει να το αγοράσεις από την εταιρεία που το έφτιαξε (αν θυμάμαι ~100 ευρώ) και συνήθως πρέπει να πληρώνεις για κάθε αλλαγή. Έψαξα και εγώ πάρα πολύ, (γιατί με ψήφισαν για Διαχειριστή), αγανάκτησα γιατί δεν έβρισκα ολοκληρωμένη λογική λύση & για άπειρα επιπλέον προβλήματα, όπως ζητήματα Συντελεστών (ορθότητα χιλιοστών), παρακολούθησης Πετρελαίου, Ωρομετρητών, ελέγχου-δημιουργίας Μηχανολογικής Μελέτης, υπολογισμού fi & εi για (Αυτόνομη Θέρμανση), Ταμείου Διαχείρισης (& αναλώσιμων), Ανελκυστήρα, Αποθεματικού, εισαγωγής Σχολίων (για Ενοίκους) κλπ και: Αποφάσισα & "χτύπησα" πολλά (πάρα πολλά) 15ωρα, επί 1,5 μήνα (συνταξιούχος ων) και έφτιαξα στο Excel-2007, ΤΟ πρόγραμμα Κοινοχρήστων κλπ (για 10 διαμερίσματα), πλήρως παραμετροποιήσιμο, έγινα "σούπερ" Διαχειριστής (με πολλές καινοτομίες & κυρίως Απόλυτη ΔΙΑΦΑΝΕΙΑ, ακόμη & μέσω Internet με ειδικό site) και τους ΧΡΕΩΝΩ 20 ευρώ το μήνα για την έκδοση Κοινοχρήστων και 60 ευρώ το μήνα για τη Διαχείριση. Σε 1 χρόνο, έκανα Απολογισμό στη Συνέλευση των Ενοίκων για αλλαγή Διαχειριστή, με μείωση των δαπανών Ανελκυστήρα (50%) & ΔΕΗ (60%), υπερκαλύπτοντας τις αμοιβές μου και τις δαπάνες αναλωσίμων (κυρίως Οικονομικούς Λαμπτήρες-Προβολάκια-LED, Πυροσβεστήρες 2 ετών, Ανιχνευτή CO κλπ, καθώς & διάφορες πατέντες). "Και φυσικά το ετήσιο όφελος θα υπάρχει και τα επόμενα χρόνια." Ζήτησα να αναλάβει ο επόμενος ετήσιος Διαχειριστής, αλλά "ΔΥΣΤΥΧΩΣ" με ξαναψήφισαν ομόφωνα και με πρότειναν & σε 3 ακόμη Πολυκατοικίες (που ανέλαβα τελικά με 20 ευρώ επιπλέον). Αρκετά σας ΖΑΛΙΣΑ όμως. Δοκίμασα να μετατρέψω ένα προγραμματάκι, (που έκανα πέρυσι σε Excel για εκμάθηση Προπαίδειας), για χρήση σε Linux και διαπίστωσα ότι παρουσιάζονται προβλήματα στις Συναρτήσεις. Οπότε για τα Κοινόχρηστα, με πολλαπλάσιες & πιό σύνθετες Συναρτήσεις, δεν τόλμησα να κάνω μετατροπή. Με εκτίμηση, Φώτης.
A41: Το ένα χέρι νίβει το άλλο και τα δυό το πρόσωπο. Γιατί κάθε φορά και ο καθένας μας να ανακαλύπτει εξ' αρχής τον τροχό ; Ζούμε στην εποχή της πληροφορικής και κυρίως της πληροφορίας. Η σωστή πληροφορία, την κατάλληλη στιγμή, είναι δύναμη. Τώρα λοιπόν, που έχουμε αυτό το ΚΑΤΑΠΛΗΚΤΙΚΟ εργαλείο που λέγεται ΙΝΤΕΡΝΕΤ, έχουμε τη δυνατότητα να καταθέτει ο καθένας μας τις ιδέες, τις γνώσεις και τις προτάσεις του, με αποτέλεσμα να δημιουργούμε τον μεγαλύτερο πλούτο πληροφοριών που υπήρξε ποτέ. Ταυτόχρονα, έχουμε όλοι τη δυνατότητα, να κάνουμε κτήμα μας αυτόν τον πλούτο ΔΩΡΕΑΝ, με σημαντικότατα κέρδη όπως, εξοικονόμηση χρόνου και χρήματος, βελτίωση της υγείας μας, των γνώσεών μας, της εργασίας μας και των συνθηκών της ζωής μας γενικότερα, προστασία του περιβάλλοντος και της ελεύθερης διακίνησης των ιδεών κλπ κλπ. http://dorean-free.blogspot.com Αυτό το ΕΡΑΣΙΤΕΧΝΙΚΟ προγραμματάκι Κοινοχρήστων, είναι μια μικρή δική μου συμβολή στην κοινή προσπάθεια & θα το βρίσκετε στη Διεύθυνση: http://spiti.ofotis.operaunite.com/arhia Με εκτίμηση, Τσιρίδης Φώτης, ofotis@gmail.com ( http://ofotis.blogspot.com ).
A42: Φυσικά υπάρχουν οι Επαγγελματικές λύσεις, με υψηλές προδιαγραφές, για όποιον θέλει, όπως: www.poseidon.gr/proionta/kinoxrista & www.e-diaxeirisi.gr & achaia.building.services & www.toktirio.gr κλπ

Sheet Ταμείο
A1: ΤΑΜΕΙΟ ΔΙΑΧΕΙΡΙΣΗΣ ΠΟΛΥΚΑΤΟΙΚΙΑΣ | D1: =ΣΤΟΙΧΕΙΑ!C12 -> Διευθύνση 123
A2: Με την Απόφαση της Συνέλευσης των Ενοίκων της Πολυκατοικίας, που έγινε στις ….../..…/2010, Παρέλαβε τη Διαχείριση ο κ.Φ.Διαχειριστίδης.
A3: Αναλαμβάνει να Εισπράττει τα Κοινόχρηστα, από τους Ενοίκους της Πολυκατοικίας, από το μήνα Ιανουάριο του 2009, συμπεριλαμβανομένου.
A4: Υποχρεούται επίσης να Πληρώνει τις Δαπάνες των Κοινοχρήστων της Πολυκατοικίας, από τον ίδιο μήνα, συμπεριλαμβανομένου.
A5: Με την Παραλαβή της Διαχείρισης, στις ….../..…/2010, θα εισπράξει το Πάγιο-Αποθεματικό 1.000 €, που πλήρωσαν οι Ένοικοι στον προηγούμενο Διαχειριστή.
A6: Τέλος, ο Νέος Διαχειριστής, οφείλει να Πληρώσει στον προηγούμενο Διαχειριστή, το υπόλοιπο της Δεξαμενής, ύψους 40 cm, (342 € απλήρωτα από 28-12-2008).
A7: Α/Α | B7: Ημερομηνία | C7: Περιγραφή Οικονομικών Δοσοληψιών Διαχείρισης | D7: Προβλεπόμενα | G7: ΝΑΙ | H7: Ολοκληρωμένα | L7: =ΣΤΟΙΧΕΙΑ!C3 -> Κ Ο Ι Ν Ο Χ Ρ Η Σ Τ Α :
D8: Έσοδα | E8: Έξοδα | F8: Υπόλοιπο | G8: ΟΧΙ | H8: Έσοδα | I8: Έξοδα | J8: Υπόλοιπο | L8: =ΣΤΟΙΧΕΙΑ!C11 -> 40878
A9: 1 | B9: 39841 | C9: Από Οφειλόμενα των Ενοίκων για το Υπόλοιπο Πετρέλαιο Δεξαμενής των 80 cm (-1 Στρογγυλ.) | D9: 194 | F9: =D9-E9 -> 194 | G9: ΟΧΙ | H9: =IF(D9="","",IF($G9="","",IF($G9="ΟΧΙ","",D9))) | I9: =IF(E9="","",IF($G9="","",IF($G9="ΟΧΙ","",E9))) | J9: =IF(AND(H9="",I9=""),0,IF(H9="",-I9,H9)) -> 0 | L9: Επιστροφή στην ΠΛΟΗΓΗΣΗ
A10: =A9+1 -> 2 | B10: ΠΑΡΑΔΟΣΗ | C10: Οφειλή ΠΑΓΙΟΥ-αποθεματικού, σε Επόμ.Διαχειριστή ή σε Ενοίκους Πολυκατοικίας (1.000+200) | E10: 1200 | F10: =F9+D10-E10 -> -1006 | G10: ΟΧΙ | H10: =IF(D10="","",IF($G10="","",IF($G10="ΟΧΙ","",D10))) | I10: =IF(E10="","",IF($G10="","",IF($G10="ΟΧΙ","",E10))) | J10: =IF(AND(H10="",I10=""),J9,IF(H10="",J9-I10,J9+H10)) -> 0
A11: =A10+1 -> 3 | B11: 39813 | C11: Από προηγούμενο Διαχειριστή, Πάγιο-Αποθεματικό Πολυκατοικίας, στο Νέο Διαχειριστή | D11: 1000 | F11: =F10+D11-E11 -> -6 | G11: ΝΑΙ | H11: =IF(D11="","",IF($G11="","",IF($G11="ΟΧΙ","",D11))) -> 1000 | I11: =IF(E11="","",IF($G11="","",IF($G11="ΟΧΙ","",E11))) | J11: =IF(AND(H11="",I11=""),J10,IF(H11="",J10-I11,J10+H11)) -> 1000
A12: =A11+1 -> 4 | B12: 39813 | C12: Σε προηγούμενο Διαχ/στή για Υφιστάμενο Πετρέλαιο Δεξαμενής 40 cm, (απλήρωτο από 28-12-08) | E12: 342 | F12: =F11+D12-E12 -> -348 | G12: ΝΑΙ | H12: =IF(D12="","",IF($G12="","",IF($G12="ΟΧΙ","",D12))) | I12: =IF(E12="","",IF($G12="","",IF($G12="ΟΧΙ","",E12))) -> 342 | J12: =IF(AND(H12="",I12=""),J11,IF(H12="",J11-I12,J11+H12)) -> 658
A13: =A12+1 -> 5 | B13: …………… | C13: Πληρωμή Λογαριασμού ΔΕΗ-κοινοχρήστων μέχρι 19-1-2009, (ΕΝΑΝΤΙ) | E13: 150 | F13: =F12+D13-E13 -> -498 | G13: ΝΑΙ | H13: =IF(D13="","",IF($G13="","",IF($G13="ΟΧΙ","",D13))) | I13: =IF(E13="","",IF($G13="","",IF($G13="ΟΧΙ","",E13))) -> 150 | J13: =IF(AND(H13="",I13=""),J12,IF(H13="",J12-I13,J12+H13)) -> 508
A14: =A13+1 -> 6 | B14: …………… | C14: Πληρωμή Συντηρητή Ανελκυστήρα, για τον Ιανουάριο 2009 | E14: 55 | F14: =F13+D14-E14 -> -553 | G14: ΝΑΙ | H14: =IF(D14="","",IF($G14="","",IF($G14="ΟΧΙ","",D14))) | I14: =IF(E14="","",IF($G14="","",IF($G14="ΟΧΙ","",E14))) -> 55 | J14: =IF(AND(H14="",I14=""),J13,IF(H14="",J13-I14,J13+H14)) -> 453
A15: =A14+1 -> 7 | B15: …………… | C15: Πληρωμή Αναλώσιμων (Πυροσβεστήρας, Σκάλα, Μικροεξαρτήματα, Οικονομικές Λάμπες κλπ) | E15: 75 | F15: =F14+D15-E15 -> -628 | G15: ΝΑΙ | H15: =IF(D15="","",IF($G15="","",IF($G15="ΟΧΙ","",D15))) | I15: =IF(E15="","",IF($G15="","",IF($G15="ΟΧΙ","",E15))) -> 75 | J15: =IF(AND(H15="",I15=""),J14,IF(H15="",J14-I15,J14+H15)) -> 378
A16: =A15+1 -> 8 | B16: …………… | C16: Πληρωμή Συντηρητή Κήπου, για τον Ιανουάριο 2009 | E16: 60 | F16: =F15+D16-E16 -> -688 | G16: ΝΑΙ | H16: =IF(D16="","",IF($G16="","",IF($G16="ΟΧΙ","",D16))) | I16: =IF(E16="","",IF($G16="","",IF($G16="ΟΧΙ","",E16))) -> 60 | J16: =IF(AND(H16="",I16=""),J15,IF(H16="",J15-I16,J15+H16)) -> 318
A17: =A16+1 -> 9 | B17: …………… | C17: Πληρωμή Καθαρίστριας, για τον Ιανουάριο 2009 | E17: 70 | F17: =F16+D17-E17 -> -758 | G17: ΝΑΙ | H17: =IF(D17="","",IF($G17="","",IF($G17="ΟΧΙ","",D17))) | I17: =IF(E17="","",IF($G17="","",IF($G17="ΟΧΙ","",E17))) -> 70 | J17: =IF(AND(H17="",I17=""),J16,IF(H17="",J16-I17,J16+H17)) -> 248
A18: =A17+1 -> 10 | B18: …………… | C18: Πληρωμή Έκδοσης Κοινοχρήστων, για τον Ιανουάριο 2009 | E18: 20 | F18: =F17+D18-E18 -> -778 | G18: ΝΑΙ | H18: =IF(D18="","",IF($G18="","",IF($G18="ΟΧΙ","",D18))) | I18: =IF(E18="","",IF($G18="","",IF($G18="ΟΧΙ","",E18))) -> 20 | J18: =IF(AND(H18="",I18=""),J17,IF(H18="",J17-I18,J17+H18)) -> 228
A19: =A18+1 -> 11 | B19: …………… | C19: Πληρωμή Διαχειριστή, για τον Ιανουάριο 2009 | E19: 60 | F19: =F18+D19-E19 -> -838 | G19: ΝΑΙ | H19: =IF(D19="","",IF($G19="","",IF($G19="ΟΧΙ","",D19))) | I19: =IF(E19="","",IF($G19="","",IF($G19="ΟΧΙ","",E19))) -> 60 | J19: =IF(AND(H19="",I19=""),J18,IF(H19="",J18-I19,J18+H19)) -> 168
A20: =A19+1 -> 12 | B20: …………… | C20: Πληρωμή Κοινόχρηστου-ΝΕΡΟΥ μέχρι 10-1-2009 | E20: 30 | F20: =F19+D20-E20 -> -868 | G20: ΝΑΙ | H20: =IF(D20="","",IF($G20="","",IF($G20="ΟΧΙ","",D20))) | I20: =IF(E20="","",IF($G20="","",IF($G20="ΟΧΙ","",E20))) -> 30 | J20: =IF(AND(H20="",I20=""),J19,IF(H20="",J19-I20,J19+H20)) -> 138 | L20: =SUM(E13:E20)+ΣΤΟΙΧΕΙΑ!G31+ΣΤΟΙΧΕΙΑ!G34 -> 520
A21: =A20+1 -> 13 | C21: Από Είσπραξη Κοινοχρήστων Ιανουαρίου 2009. Ένοικος: Ιδιοκτήτης-1, Α1 | D21: 53 | F21: =F20+D21-E21 -> -815 | G21: ΟΧΙ | H21: =IF(D21="","",IF($G21="","",IF($G21="ΟΧΙ","",D21))) | I21: =IF(E21="","",IF($G21="","",IF($G21="ΟΧΙ","",E21))) | J21: =IF(AND(H21="",I21=""),J20,IF(H21="",J20-I21,J20+H21)) -> 138 | L21: =Διαμερίσματα!$AB6 -> 44.314208 | M21: =ROUND(L21,0) -> 44 | N21: ΑΝΤΕΓΡΑΨΕ ΤΑ ΚΕΛΙΑ ΑΡΙΣΤΕΡΑ
A22: =A21+1 -> 14 | C22: Από Είσπραξη Κοινοχρήστων Ιανουαρίου 2009. Ένοικος: Ιδιοκτήτης-2, Α2 | D22: 113 | F22: =F21+D22-E22 -> -702 | G22: ΟΧΙ | H22: =IF(D22="","",IF($G22="","",IF($G22="ΟΧΙ","",D22))) | I22: =IF(E22="","",IF($G22="","",IF($G22="ΟΧΙ","",E22))) | J22: =IF(AND(H22="",I22=""),J21,IF(H22="",J21-I22,J21+H22)) -> 138 | L22: =Διαμερίσματα!$AB7 -> 49.190348 | M22: =ROUND(L22,0) -> 49
A23: =A22+1 -> 15 | B23: …………… | C23: Από Είσπραξη Κοινοχρήστων Ιανουαρίου 2009. Ένοικος: Ιδιοκτήτης-3, Α3 | D23: 146 | F23: =F22+D23-E23 -> -556 | G23: ΝΑΙ | H23: =IF(D23="","",IF($G23="","",IF($G23="ΟΧΙ","",D23))) -> 146 | I23: =IF(E23="","",IF($G23="","",IF($G23="ΟΧΙ","",E23))) | J23: =IF(AND(H23="",I23=""),J22,IF(H23="",J22-I23,J22+H23)) -> 284 | L23: =Διαμερίσματα!$AB8 -> 225.03995 | M23: =ROUND(L23,0) -> 225
A24: =A23+1 -> 16 | C24: Από Είσπραξη Κοινοχρήστων Ιανουαρίου 2009. Ένοικος: Ιδιοκτήτης-4, Β1 | D24: 156 | F24: =F23+D24-E24 -> -400 | G24: ΟΧΙ | H24: =IF(D24="","",IF($G24="","",IF($G24="ΟΧΙ","",D24))) | I24: =IF(E24="","",IF($G24="","",IF($G24="ΟΧΙ","",E24))) | J24: =IF(AND(H24="",I24=""),J23,IF(H24="",J23-I24,J23+H24)) -> 284 | L24: =Διαμερίσματα!$AB9 -> 178.03119 | M24: =ROUND(L24,0) -> 178
A25: =A24+1 -> 17 | B25: …………… | C25: Από Είσπραξη Κοινοχρήστων Ιανουαρίου 2009. Ένοικος: Ιδιοκτήτης-5, Β2 | D25: 155 | F25: =F24+D25-E25 -> -245 | G25: ΝΑΙ | H25: =IF(D25="","",IF($G25="","",IF($G25="ΟΧΙ","",D25))) -> 155 | I25: =IF(E25="","",IF($G25="","",IF($G25="ΟΧΙ","",E25))) | J25: =IF(AND(H25="",I25=""),J24,IF(H25="",J24-I25,J24+H25)) -> 439 | L25: =Διαμερίσματα!$AB10 -> 164.47441 | M25: =ROUND(L25,0) -> 164
A26: =A25+1 -> 18 | B26: …………… | C26: Από Είσπραξη Κοινοχρήστων Ιανουαρίου 2009. Ένοικος: Ιδιοκτήτης-6, Β3 | D26: 51 | F26: =F25+D26-E26 -> -194 | G26: ΝΑΙ | H26: =IF(D26="","",IF($G26="","",IF($G26="ΟΧΙ","",D26))) -> 51 | I26: =IF(E26="","",IF($G26="","",IF($G26="ΟΧΙ","",E26))) | J26: =IF(AND(H26="",I26=""),J25,IF(H26="",J25-I26,J25+H26)) -> 490 | L26: =Διαμερίσματα!$AB11 -> 29.674312 | M26: =ROUND(L26,0) -> 30
A27: =A26+1 -> 19 | C27: Από Είσπραξη Κοινοχρήστων Ιανουαρίου 2009. Ένοικος: Ενοικιαστής-7, Γ1 | D27: 46 | F27: =F26+D27-E27 -> -148 | G27: ΟΧΙ | H27: =IF(D27="","",IF($G27="","",IF($G27="ΟΧΙ","",D27))) | I27: =IF(E27="","",IF($G27="","",IF($G27="ΟΧΙ","",E27))) | J27: =IF(AND(H27="",I27=""),J26,IF(H27="",J26-I27,J26+H27)) -> 490 | L27: =Διαμερίσματα!$AB12 -> 78.11043 | M27: =ROUND(L27,0) -> 78
A28: =A27+1 -> 20 | C28: Από Είσπραξη Κοινοχρήστων Ιανουαρίου 2009. Ένοικος: Ιδιοκτήτης-8, Γ2 | D28: 84 | F28: =F27+D28-E28 -> -64 | G28: ΟΧΙ | H28: =IF(D28="","",IF($G28="","",IF($G28="ΟΧΙ","",D28))) | I28: =IF(E28="","",IF($G28="","",IF($G28="ΟΧΙ","",E28))) | J28: =IF(AND(H28="",I28=""),J27,IF(H28="",J27-I28,J27+H28)) -> 490 | L28: =Διαμερίσματα!$AB13 -> 77.398602 | M28: =ROUND(L28,0) -> 77
A29: =A28+1 -> 21 | C29: Από Είσπραξη Κοινοχρήστων Ιανουαρίου 2009. Ένοικος: Ιδιοκτήτης-9, Γ3 | D29: 87 | F29: =F28+D29-E29 -> 23 | G29: ΟΧΙ | H29: =IF(D29="","",IF($G29="","",IF($G29="ΟΧΙ","",D29))) | I29: =IF(E29="","",IF($G29="","",IF($G29="ΟΧΙ","",E29))) | J29: =IF(AND(H29="",I29=""),J28,IF(H29="",J28-I29,J28+H29)) -> 490 | L29: =Διαμερίσματα!$AB14 -> 133.28129 | M29: =ROUND(L29,0) -> 133
A30: =A29+1 -> 22 | B30: …………… | C30: Από Είσπραξη Κοινοχρήστων Ιανουαρίου 2009. Ένοικος: Ιδιοκτήτης-10, Δ1 | D30: 140 | F30: =F29+D30-E30 -> 163 | G30: ΝΑΙ | H30: =IF(D30="","",IF($G30="","",IF($G30="ΟΧΙ","",D30))) -> 140 | I30: =IF(E30="","",IF($G30="","",IF($G30="ΟΧΙ","",E30))) | J30: =IF(AND(H30="",I30=""),J29,IF(H30="",J29-I30,J29+H30)) -> 630 | L30: =Διαμερίσματα!$AB15 -> 236.65566 | M30: =ROUND(L30,0) -> 237
A31: =A30+1 -> 23 | C31: Από Είσπραξη Κοινοχρήστων Ιανουαρίου 2009. Ένοικος: Ιδιοκτήτης-11, Δ2 | D31: 81 | F31: =F30+D31-E31 -> 244 | G31: ΟΧΙ | H31: =IF(D31="","",IF($G31="","",IF($G31="ΟΧΙ","",D31))) | I31: =IF(E31="","",IF($G31="","",IF($G31="ΟΧΙ","",E31))) | J31: =IF(AND(H31="",I31=""),J30,IF(H31="",J30-I31,J30+H31)) -> 630 | L31: =Διαμερίσματα!$AB16 -> 0 | M31: =ROUND(L31,0) -> 0
A32: =A31+1 -> 24 | B32: …………… | C32: Από Είσπραξη Κοινοχρήστων Ιανουαρίου 2009. Ένοικος: Ιδιοκτήτης-12, Δ3 | D32: 36 | F32: =F31+D32-E32 -> 280 | H32: =IF(D32="","",IF($G32="","",IF($G32="ΟΧΙ","",D32))) | I32: =IF(E32="","",IF($G32="","",IF($G32="ΟΧΙ","",E32))) | J32: =IF(AND(H32="",I32=""),J31,IF(H32="",J31-I32,J31+H32)) -> 630 | L32: =Διαμερίσματα!$AB17 -> 26.341334 | M32: =ROUND(L32,0) -> 26
A33: =A32+1 -> 25 | C33: Από Είσπραξη Κοινοχρήστων Ιανουαρίου 2009. Ένοικος: Ιδιοκτήτης-13, Δ4 | D33: 37 | F33: =F32+D33-E33 -> 317 | G33: ΟΧΙ | H33: =IF(D33="","",IF($G33="","",IF($G33="ΟΧΙ","",D33))) | I33: =IF(E33="","",IF($G33="","",IF($G33="ΟΧΙ","",E33))) | J33: =IF(AND(H33="",I33=""),J32,IF(H33="",J32-I33,J32+H33)) -> 630 | L33: =Διαμερίσματα!$AB18 -> 26.371227 | M33: =ROUND(L33,0) -> 26
A34: =A33+1 -> 26 | C34: Από Είσπραξη Κοινοχρήστων Ιανουαρίου 2009. Ένοικος: Ιδιοκτήτης-14, Δ5 | D34: 36 | F34: =F33+D34-E34 -> 353 | H34: =IF(D34="","",IF($G34="","",IF($G34="ΟΧΙ","",D34))) | I34: =IF(E34="","",IF($G34="","",IF($G34="ΟΧΙ","",E34))) | J34: =IF(AND(H34="",I34=""),J33,IF(H34="",J33-I34,J33+H34)) -> 630 | L34: =Διαμερίσματα!$AB19 -> 26.371227 | M34: =ROUND(L34,0) -> 26
A35: =A34+1 -> 27 | C35: Από Είσπραξη Κοινοχρήστων Ιανουαρίου 2009. Ένοικος: Ιδιοκτήτης-15, Δ6 | D35: 37 | F35: =F34+D35-E35 -> 390 | H35: =IF(D35="","",IF($G35="","",IF($G35="ΟΧΙ","",D35))) | I35: =IF(E35="","",IF($G35="","",IF($G35="ΟΧΙ","",E35))) | J35: =IF(AND(H35="",I35=""),J34,IF(H35="",J34-I35,J34+H35)) -> 630 | L35: =Διαμερίσματα!$AB20 -> 26.371227 | M35: =ROUND(L35,0) -> 26
A36: =A35+1 -> 28 | C36: Από Είσπραξη Κοινοχρήστων Ιανουαρίου 2009. Ένοικος: Ιδιοκτήτης-16, Δ7 | D36: 36 | F36: =F35+D36-E36 -> 426 | H36: =IF(D36="","",IF($G36="","",IF($G36="ΟΧΙ","",D36))) | I36: =IF(E36="","",IF($G36="","",IF($G36="ΟΧΙ","",E36))) | J36: =IF(AND(H36="",I36=""),J35,IF(H36="",J35-I36,J35+H36)) -> 630 | L36: =Διαμερίσματα!$AB21 -> 26.371227 | M36: =ROUND(L36,0) -> 26
A37: =A36+1 -> 29 | C37: Από Είσπραξη Κοινοχρήστων Ιανουαρίου 2009. Ένοικος: Ιδιοκτήτης-17, Δ8 | D37: 37 | F37: =F36+D37-E37 -> 463 | H37: =IF(D37="","",IF($G37="","",IF($G37="ΟΧΙ","",D37))) | I37: =IF(E37="","",IF($G37="","",IF($G37="ΟΧΙ","",E37))) | J37: =IF(AND(H37="",I37=""),J36,IF(H37="",J36-I37,J36+H37)) -> 630 | L37: =Διαμερίσματα!$AB22 -> 26.371227 | M37: =ROUND(L37,0) -> 26
A38: =A37+1 -> 30 | C38: Από Είσπραξη Κοινοχρήστων Ιανουαρίου 2009. Ένοικος: Ιδιοκτήτης-18, Δ9 | D38: 36 | F38: =F37+D38-E38 -> 499 | H38: =IF(D38="","",IF($G38="","",IF($G38="ΟΧΙ","",D38))) | I38: =IF(E38="","",IF($G38="","",IF($G38="ΟΧΙ","",E38))) | J38: =IF(AND(H38="",I38=""),J37,IF(H38="",J37-I38,J37+H38)) -> 630 | L38: =Διαμερίσματα!$AB23 -> 26.518445 | M38: =ROUND(L38,0) -> 27
A39: =A38+1 -> 31 | C39: Από Είσπραξη Κοινοχρήστων Ιανουαρίου 2009. Ένοικος: Ιδιοκτήτης-19, Δ10 | D39: 37 | F39: =F38+D39-E39 -> 536 | H39: =IF(D39="","",IF($G39="","",IF($G39="ΟΧΙ","",D39))) | I39: =IF(E39="","",IF($G39="","",IF($G39="ΟΧΙ","",E39))) | J39: =IF(AND(H39="",I39=""),J38,IF(H39="",J38-I39,J38+H39)) -> 630 | L39: =Διαμερίσματα!$AB24 -> 26.371227 | M39: =ROUND(L39,0) -> 26
A40: =A39+1 -> 32 | C40: Από Είσπραξη Κοινοχρήστων Ιανουαρίου 2009. Ένοικος: Ιδιοκτήτης-20, Δ11 | D40: 36 | F40: =F39+D40-E40 -> 572 | H40: =IF(D40="","",IF($G40="","",IF($G40="ΟΧΙ","",D40))) | I40: =IF(E40="","",IF($G40="","",IF($G40="ΟΧΙ","",E40))) | J40: =IF(AND(H40="",I40=""),J39,IF(H40="",J39-I40,J39+H40)) -> 630 | L40: =Διαμερίσματα!$AB25 -> 26.371227 | M40: =ROUND(L40,0) -> 26
A41: =A40+1 -> 33 | C41: Από Είσπραξη Κοινοχρήστων Ιανουαρίου 2009. Ένοικος: Ιδιοκτήτης-21, Δ12 | D41: 37 | F41: =F40+D41-E41 -> 609 | H41: =IF(D41="","",IF($G41="","",IF($G41="ΟΧΙ","",D41))) | I41: =IF(E41="","",IF($G41="","",IF($G41="ΟΧΙ","",E41))) | J41: =IF(AND(H41="",I41=""),J40,IF(H41="",J40-I41,J40+H41)) -> 630 | L41: =Διαμερίσματα!$AB26 -> 26.371227 | M41: =ROUND(L41,0) -> 26
A42: =A41+1 -> 34 | C42: Από Είσπραξη Κοινοχρήστων Ιανουαρίου 2009. Ένοικος: Ιδιοκτήτης-22, Δ13 | D42: 0 | F42: =F41+D42-E42 -> 609 | H42: =IF(D42="","",IF($G42="","",IF($G42="ΟΧΙ","",D42))) | I42: =IF(E42="","",IF($G42="","",IF($G42="ΟΧΙ","",E42))) | J42: =IF(AND(H42="",I42=""),J41,IF(H42="",J41-I42,J41+H42)) -> 630 | L42: =Διαμερίσματα!$AB27 -> 0 | M42: =ROUND(L42,0) -> 0
A43: =A42+1 -> 35 | C43: Αγορά Πετρελαίου, 1.000 Λίτρα | E43: 580 | F43: =F42+D43-E43 -> 29 | G43: ΟΧΙ | H43: =IF(D43="","",IF($G43="","",IF($G43="ΟΧΙ","",D43))) | I43: =IF(E43="","",IF($G43="","",IF($G43="ΟΧΙ","",E43))) | J43: =IF(AND(H43="",I43=""),J42,IF(H43="",J42-I43,J42+H43)) -> 630 | L43: =SUM(L21:L42) -> 1480 | M43: =SUM(M21:M42) -> 1476
A44: =A43+1 -> 36 | F44: =F43+D44-E44 -> 29 | H44: =IF(D44="","",IF($G44="","",IF($G44="ΟΧΙ","",D44))) | I44: =IF(E44="","",IF($G44="","",IF($G44="ΟΧΙ","",E44))) | J44: =IF(AND(H44="",I44=""),J43,IF(H44="",J43-I44,J43+H44)) -> 630
A45: =A44+1 -> 37 | F45: =F44+D45-E45 -> 29 | H45: =IF(D45="","",IF($G45="","",IF($G45="ΟΧΙ","",D45))) | I45: =IF(E45="","",IF($G45="","",IF($G45="ΟΧΙ","",E45))) | J45: =IF(AND(H45="",I45=""),J44,IF(H45="",J44-I45,J44+H45)) -> 630
A46: =A45+1 -> 38 | F46: =F45+D46-E46 -> 29 | H46: =IF(D46="","",IF($G46="","",IF($G46="ΟΧΙ","",D46))) | I46: =IF(E46="","",IF($G46="","",IF($G46="ΟΧΙ","",E46))) | J46: =IF(AND(H46="",I46=""),J45,IF(H46="",J45-I46,J45+H46)) -> 630
A47: =A46+1 -> 39 | F47: =F46+D47-E47 -> 29 | H47: =IF(D47="","",IF($G47="","",IF($G47="ΟΧΙ","",D47))) | I47: =IF(E47="","",IF($G47="","",IF($G47="ΟΧΙ","",E47))) | J47: =IF(AND(H47="",I47=""),J46,IF(H47="",J46-I47,J46+H47)) -> 630
A48: =A47+1 -> 40 | F48: =F47+D48-E48 -> 29 | H48: =IF(D48="","",IF($G48="","",IF($G48="ΟΧΙ","",D48))) | I48: =IF(E48="","",IF($G48="","",IF($G48="ΟΧΙ","",E48))) | J48: =IF(AND(H48="",I48=""),J47,IF(H48="",J47-I48,J47+H48)) -> 630
A49: =A48+1 -> 41 | F49: =F48+D49-E49 -> 29 | H49: =IF(D49="","",IF($G49="","",IF($G49="ΟΧΙ","",D49))) | I49: =IF(E49="","",IF($G49="","",IF($G49="ΟΧΙ","",E49))) | J49: =IF(AND(H49="",I49=""),J48,IF(H49="",J48-I49,J48+H49)) -> 630
A50: =A49+1 -> 42 | F50: =F49+D50-E50 -> 29 | H50: =IF(D50="","",IF($G50="","",IF($G50="ΟΧΙ","",D50))) | I50: =IF(E50="","",IF($G50="","",IF($G50="ΟΧΙ","",E50))) | J50: =IF(AND(H50="",I50=""),J49,IF(H50="",J49-I50,J49+H50)) -> 630
A51: =A50+1 -> 43 | F51: =F50+D51-E51 -> 29 | H51: =IF(D51="","",IF($G51="","",IF($G51="ΟΧΙ","",D51))) | I51: =IF(E51="","",IF($G51="","",IF($G51="ΟΧΙ","",E51))) | J51: =IF(AND(H51="",I51=""),J50,IF(H51="",J50-I51,J50+H51)) -> 630
A52: =A51+1 -> 44 | F52: =F51+D52-E52 -> 29 | H52: =IF(D52="","",IF($G52="","",IF($G52="ΟΧΙ","",D52))) | I52: =IF(E52="","",IF($G52="","",IF($G52="ΟΧΙ","",E52))) | J52: =IF(AND(H52="",I52=""),J51,IF(H52="",J51-I52,J51+H52)) -> 630
A53: =A52+1 -> 45 | F53: =F52+D53-E53 -> 29 | H53: =IF(D53="","",IF($G53="","",IF($G53="ΟΧΙ","",D53))) | I53: =IF(E53="","",IF($G53="","",IF($G53="ΟΧΙ","",E53))) | J53: =IF(AND(H53="",I53=""),J52,IF(H53="",J52-I53,J52+H53)) -> 630
A54: =A53+1 -> 46 | F54: =F53+D54-E54 -> 29 | H54: =IF(D54="","",IF($G54="","",IF($G54="ΟΧΙ","",D54))) | I54: =IF(E54="","",IF($G54="","",IF($G54="ΟΧΙ","",E54))) | J54: =IF(AND(H54="",I54=""),J53,IF(H54="",J53-I54,J53+H54)) -> 630
A55: =A54+1 -> 47 | F55: =F54+D55-E55 -> 29 | H55: =IF(D55="","",IF($G55="","",IF($G55="ΟΧΙ","",D55))) | I55: =IF(E55="","",IF($G55="","",IF($G55="ΟΧΙ","",E55))) | J55: =IF(AND(H55="",I55=""),J54,IF(H55="",J54-I55,J54+H55)) -> 630
... A193: =A192+1 -> 185 | F193: =F192+D193-E193 -> 29 | H193: =IF(D193="","",IF($G193="","",IF($G193="ΟΧΙ","",D193))) | I193: =IF(E193="","",IF($G193="","",IF($G193="ΟΧΙ","",E193))) | J193: =IF(AND(H193="",I193=""),J192,IF(H193="",J192-I193,J192+H193)) -> 630
A194: =A193+1 -> 186 | F194: =F193+D194-E194 -> 29 | H194: =IF(D194="","",IF($G194="","",IF($G194="ΟΧΙ","",D194))) | I194: =IF(E194="","",IF($G194="","",IF($G194="ΟΧΙ","",E194))) | J194: =IF(AND(H194="",I194=""),J193,IF(H194="",J193-I194,J193+H194)) -> 630 | K194: Καθ.Ταμείο | L194: Οφ.Ενοίκων | M194: ΕΞΟΔΑ | N194: Έλεγχος
A195: Σ Υ Ν Ο Λ Α | D195: =SUM(D9:D194) -> 2671 | E195: =SUM(E9:E194) -> 2642 | F195: =D195-E195 -> 29 | G195: =E10-D9-J195 -> 376 | H195: =SUM(H9:H194) -> 1492 | I195: =SUM(I9:I194) -> 862 | J195: =H195-I195 -> 630 | K195: =SUM(F195:G195) -> 405 | L195: =D195-H195-D9 -> 985 | M195: =E195-I195-E10 -> 580 | N195: =L195-M195 -> 405

Sheet Σύνολα
A1: 1 | C1: =ΣΤΟΙΧΕΙΑ!C3 -> Κ Ο Ι Ν Ο Χ Ρ Η Σ Τ Α :
C2: =ΣΤΟΙΧΕΙΑ!C12 -> Διευθύνση 123
C3: =ΣΤΟΙΧΕΙΑ!C11 -> 40878
C4: Κάηκαν | D4: =IFERROR(VLOOKUP(C3,Πετρέλαιο!$B$13:$V$33,20,FALSE),0) -> 840.6 | E4: =IFERROR(VLOOKUP(C3,Πετρέλαιο!$B$13:$V$33,21,FALSE),0) -> 700 | F4: μέχρι τέλος | T4: =ΣΤΟΙΧΕΙΑ!C10 -> 40878
C5: Νέο Ύψος Δεξαμενής | E5: =IFERROR(VLOOKUP(C3,Πετρέλαιο!$B$13:$V$33,18,FALSE),0) -> 15 | F5: Απλήρωτο | T5: =(IFERROR(VLOOKUP(C3,Πετρέλαιο!$B$13:$V$33,10,FALSE),0))-(IFERROR(VLOOKUP(C3,Πετρέλαιο!$B$13:$V$33,21,FALSE),0)) -> 390
A6: Α/Α | B6: Διαμέρισμα | C6: Ένοικος | F6: Ώρες | G6: =INDIRECT(ADDRESS(A7,6,3,,"ΣΤΟΙΧΕΙΑ")) -> 40848 | H6: =INDIRECT(ADDRESS(B7,6,3,,"ΣΤΟΙΧΕΙΑ")) -> 40878 | I6: =INDIRECT(ADDRESS(C7,6,3,,"ΣΤΟΙΧΕΙΑ")) -> 40909 | J6: =INDIRECT(ADDRESS(G7,6,3,,"ΣΤΟΙΧΕΙΑ")) -> 41061 | K6: =INDIRECT(ADDRESS(H7,6,3,,"ΣΤΟΙΧΕΙΑ")) -> 41091 | L6: =INDIRECT(ADDRESS(I7,6,3,,"ΣΤΟΙΧΕΙΑ")) -> 41122 | M6: =INDIRECT(ADDRESS(J7,6,3,,"ΣΤΟΙΧΕΙΑ")) -> 41153 | N6: =INDIRECT(ADDRESS(K7,6,3,,"ΣΤΟΙΧΕΙΑ")) -> 41183 | O6: =INDIRECT(ADDRESS(L7,6,3,,"ΣΤΟΙΧΕΙΑ")) -> 41214 | P6: =INDIRECT(ADDRESS(M7,6,3,,"ΣΤΟΙΧΕΙΑ")) -> 41244 | Q6: =INDIRECT(ADDRESS(N7,6,3,,"ΣΤΟΙΧΕΙΑ")) -> 41275 | ... S6: =INDIRECT(ADDRESS(P7,6,3,,"ΣΤΟΙΧΕΙΑ")) -> 41334 | T6: Ποσό
A7: 1 | B7: =A7+1 -> 2 | C7: =B7+1 -> 3 | F7: =C7+1 -> 4 | G7: =F7+4 -> 8 | H7: =G7+1 -> 9 | I7: =H7+1 -> 10 | J7: =I7+1 -> 11 | K7: =J7+1 -> 12 | L7: =K7+1 -> 13 | M7: =L7+1 -> 14 | N7: =M7+1 -> 15 | O7: =N7+1 -> 16 | ... S7: =R7+1 -> 20 | T7: =F7+1 -> 5
A8: =IF(B8="","",1) -> 1 | B8: =IF(Διαμερίσματα!B6="","",Διαμερίσματα!B6) -> Κ1 | C8: =IF(Διαμερίσματα!I6="","",Διαμερίσματα!I6) -> Ιδιοκτήτης-1 | F8: =IFERROR(HLOOKUP(ΣΤΟΙΧΕΙΑ!$C$11,Ώρες!$D$29:$R$52,2+A8,FALSE),0) -> 0 | G8: =IF(ΣΤΟΙΧΕΙΑ!D41=0,"",ΣΤΟΙΧΕΙΑ!D41) | H8: =IF(ΣΤΟΙΧΕΙΑ!E41=0,"",ΣΤΟΙΧΕΙΑ!E41) -> 44.314208 | I8: =IF(ΣΤΟΙΧΕΙΑ!F41=0,"",ΣΤΟΙΧΕΙΑ!F41) | J8: =IF(ΣΤΟΙΧΕΙΑ!G41=0,"",ΣΤΟΙΧΕΙΑ!G41) | K8: =IF(ΣΤΟΙΧΕΙΑ!H41=0,"",ΣΤΟΙΧΕΙΑ!H41) | L8: =IF(ΣΤΟΙΧΕΙΑ!I41=0,"",ΣΤΟΙΧΕΙΑ!I41) | M8: =IF(ΣΤΟΙΧΕΙΑ!J41=0,"",ΣΤΟΙΧΕΙΑ!J41) | N8: =IF(ΣΤΟΙΧΕΙΑ!K41=0,"",ΣΤΟΙΧΕΙΑ!K41) | ... S8: =IF(ΣΤΟΙΧΕΙΑ!P41=0,"",ΣΤΟΙΧΕΙΑ!P41) | T8: =IF(SUM(G8:S8)=0,"",SUM(G8:S8)) -> 44.314208
A9: =IF(B9="","",A8+1) -> 2 | B9: =IF(Διαμερίσματα!B7="","",Διαμερίσματα!B7) -> Κ2 | C9: =IF(Διαμερίσματα!I7="","",Διαμερίσματα!I7) -> Ιδιοκτήτης-2 | F9: =IFERROR(HLOOKUP(ΣΤΟΙΧΕΙΑ!$C$11,Ώρες!$D$29:$R$52,2+A9,FALSE),0) -> 0 | G9: =IF(ΣΤΟΙΧΕΙΑ!D42=0,"",ΣΤΟΙΧΕΙΑ!D42) | H9: =IF(ΣΤΟΙΧΕΙΑ!E42=0,"",ΣΤΟΙΧΕΙΑ!E42) -> 49.190348 | I9: =IF(ΣΤΟΙΧΕΙΑ!F42=0,"",ΣΤΟΙΧΕΙΑ!F42) | J9: =IF(ΣΤΟΙΧΕΙΑ!G42=0,"",ΣΤΟΙΧΕΙΑ!G42) | K9: =IF(ΣΤΟΙΧΕΙΑ!H42=0,"",ΣΤΟΙΧΕΙΑ!H42) | L9: =IF(ΣΤΟΙΧΕΙΑ!I42=0,"",ΣΤΟΙΧΕΙΑ!I42) | M9: =IF(ΣΤΟΙΧΕΙΑ!J42=0,"",ΣΤΟΙΧΕΙΑ!J42) | N9: =IF(ΣΤΟΙΧΕΙΑ!K42=0,"",ΣΤΟΙΧΕΙΑ!K42) | ... S9: =IF(ΣΤΟΙΧΕΙΑ!P42=0,"",ΣΤΟΙΧΕΙΑ!P42) | T9: =IF(SUM(G9:S9)=0,"",SUM(G9:S9)) -> 49.190348
A10: =IF(B10="","",A9+1) -> 3 | B10: =IF(Διαμερίσματα!B8="","",Διαμερίσματα!B8) -> Κ3 | C10: =IF(Διαμερίσματα!I8="","",Διαμερίσματα!I8) -> Ιδιοκτήτης-3 | F10: =IFERROR(HLOOKUP(ΣΤΟΙΧΕΙΑ!$C$11,Ώρες!$D$29:$R$52,2+A10,FALSE),0) -> 99 | G10: =IF(ΣΤΟΙΧΕΙΑ!D43=0,"",ΣΤΟΙΧΕΙΑ!D43) | H10: =IF(ΣΤΟΙΧΕΙΑ!E43=0,"",ΣΤΟΙΧΕΙΑ!E43) -> 225.03995 | I10: =IF(ΣΤΟΙΧΕΙΑ!F43=0,"",ΣΤΟΙΧΕΙΑ!F43) | J10: =IF(ΣΤΟΙΧΕΙΑ!G43=0,"",ΣΤΟΙΧΕΙΑ!G43) | K10: =IF(ΣΤΟΙΧΕΙΑ!H43=0,"",ΣΤΟΙΧΕΙΑ!H43) | L10: =IF(ΣΤΟΙΧΕΙΑ!I43=0,"",ΣΤΟΙΧΕΙΑ!I43) | M10: =IF(ΣΤΟΙΧΕΙΑ!J43=0,"",ΣΤΟΙΧΕΙΑ!J43) | N10: =IF(ΣΤΟΙΧΕΙΑ!K43=0,"",ΣΤΟΙΧΕΙΑ!K43) | ... S10: =IF(ΣΤΟΙΧΕΙΑ!P43=0,"",ΣΤΟΙΧΕΙΑ!P43) | T10: =IF(SUM(G10:S10)=0,"",SUM(G10:S10)) -> 225.03995
A11: =IF(B11="","",A10+1) -> 4 | B11: =IF(Διαμερίσματα!B9="","",Διαμερίσματα!B9) -> Α1 | C11: =IF(Διαμερίσματα!I9="","",Διαμερίσματα!I9) -> Ιδιοκτήτης-4 | F11: =IFERROR(HLOOKUP(ΣΤΟΙΧΕΙΑ!$C$11,Ώρες!$D$29:$R$52,2+A11,FALSE),0) -> 56 | G11: =IF(ΣΤΟΙΧΕΙΑ!D44=0,"",ΣΤΟΙΧΕΙΑ!D44) | H11: =IF(ΣΤΟΙΧΕΙΑ!E44=0,"",ΣΤΟΙΧΕΙΑ!E44) -> 178.03119 | I11: =IF(ΣΤΟΙΧΕΙΑ!F44=0,"",ΣΤΟΙΧΕΙΑ!F44) | J11: =IF(ΣΤΟΙΧΕΙΑ!G44=0,"",ΣΤΟΙΧΕΙΑ!G44) | K11: =IF(ΣΤΟΙΧΕΙΑ!H44=0,"",ΣΤΟΙΧΕΙΑ!H44) | L11: =IF(ΣΤΟΙΧΕΙΑ!I44=0,"",ΣΤΟΙΧΕΙΑ!I44) | M11: =IF(ΣΤΟΙΧΕΙΑ!J44=0,"",ΣΤΟΙΧΕΙΑ!J44) | N11: =IF(ΣΤΟΙΧΕΙΑ!K44=0,"",ΣΤΟΙΧΕΙΑ!K44) | ... S11: =IF(ΣΤΟΙΧΕΙΑ!P44=0,"",ΣΤΟΙΧΕΙΑ!P44) | T11: =IF(SUM(G11:S11)=0,"",SUM(G11:S11)) -> 178.03119
A12: =IF(B12="","",A11+1) -> 5 | B12: =IF(Διαμερίσματα!B10="","",Διαμερίσματα!B10) -> Α2 | C12: =IF(Διαμερίσματα!I10="","",Διαμερίσματα!I10) -> Ιδιοκτήτης-5 | F12: =IFERROR(HLOOKUP(ΣΤΟΙΧΕΙΑ!$C$11,Ώρες!$D$29:$R$52,2+A12,FALSE),0) -> 67 | G12: =IF(ΣΤΟΙΧΕΙΑ!D45=0,"",ΣΤΟΙΧΕΙΑ!D45) | H12: =IF(ΣΤΟΙΧΕΙΑ!E45=0,"",ΣΤΟΙΧΕΙΑ!E45) -> 164.47441 | I12: =IF(ΣΤΟΙΧΕΙΑ!F45=0,"",ΣΤΟΙΧΕΙΑ!F45) | J12: =IF(ΣΤΟΙΧΕΙΑ!G45=0,"",ΣΤΟΙΧΕΙΑ!G45) | K12: =IF(ΣΤΟΙΧΕΙΑ!H45=0,"",ΣΤΟΙΧΕΙΑ!H45) | L12: =IF(ΣΤΟΙΧΕΙΑ!I45=0,"",ΣΤΟΙΧΕΙΑ!I45) | M12: =IF(ΣΤΟΙΧΕΙΑ!J45=0,"",ΣΤΟΙΧΕΙΑ!J45) | N12: =IF(ΣΤΟΙΧΕΙΑ!K45=0,"",ΣΤΟΙΧΕΙΑ!K45) | ... S12: =IF(ΣΤΟΙΧΕΙΑ!P45=0,"",ΣΤΟΙΧΕΙΑ!P45) | T12: =IF(SUM(G12:S12)=0,"",SUM(G12:S12)) -> 164.47441
A13: =IF(B13="","",A12+1) -> 6 | B13: =IF(Διαμερίσματα!B11="","",Διαμερίσματα!B11) -> Α3 | C13: =IF(Διαμερίσματα!I11="","",Διαμερίσματα!I11) -> Ιδιοκτήτης-6 | F13: =IFERROR(HLOOKUP(ΣΤΟΙΧΕΙΑ!$C$11,Ώρες!$D$29:$R$52,2+A13,FALSE),0) -> 0 | G13: =IF(ΣΤΟΙΧΕΙΑ!D46=0,"",ΣΤΟΙΧΕΙΑ!D46) | H13: =IF(ΣΤΟΙΧΕΙΑ!E46=0,"",ΣΤΟΙΧΕΙΑ!E46) -> 29.674312 | I13: =IF(ΣΤΟΙΧΕΙΑ!F46=0,"",ΣΤΟΙΧΕΙΑ!F46) | J13: =IF(ΣΤΟΙΧΕΙΑ!G46=0,"",ΣΤΟΙΧΕΙΑ!G46) | K13: =IF(ΣΤΟΙΧΕΙΑ!H46=0,"",ΣΤΟΙΧΕΙΑ!H46) | L13: =IF(ΣΤΟΙΧΕΙΑ!I46=0,"",ΣΤΟΙΧΕΙΑ!I46) | M13: =IF(ΣΤΟΙΧΕΙΑ!J46=0,"",ΣΤΟΙΧΕΙΑ!J46) | N13: =IF(ΣΤΟΙΧΕΙΑ!K46=0,"",ΣΤΟΙΧΕΙΑ!K46) | ... S13: =IF(ΣΤΟΙΧΕΙΑ!P46=0,"",ΣΤΟΙΧΕΙΑ!P46) | T13: =IF(SUM(G13:S13)=0,"",SUM(G13:S13)) -> 29.674312
A14: =IF(B14="","",A13+1) -> 7 | B14: =IF(Διαμερίσματα!B12="","",Διαμερίσματα!B12) -> Α4 | C14: =IF(Διαμερίσματα!I12="","",Διαμερίσματα!I12) -> Ιδιοκτήτης-7 | F14: =IFERROR(HLOOKUP(ΣΤΟΙΧΕΙΑ!$C$11,Ώρες!$D$29:$R$52,2+A14,FALSE),0) -> 0 | G14: =IF(ΣΤΟΙΧΕΙΑ!D47=0,"",ΣΤΟΙΧΕΙΑ!D47) | H14: =IF(ΣΤΟΙΧΕΙΑ!E47=0,"",ΣΤΟΙΧΕΙΑ!E47) -> 78.11043 | I14: =IF(ΣΤΟΙΧΕΙΑ!F47=0,"",ΣΤΟΙΧΕΙΑ!F47) | J14: =IF(ΣΤΟΙΧΕΙΑ!G47=0,"",ΣΤΟΙΧΕΙΑ!G47) | K14: =IF(ΣΤΟΙΧΕΙΑ!H47=0,"",ΣΤΟΙΧΕΙΑ!H47) | L14: =IF(ΣΤΟΙΧΕΙΑ!I47=0,"",ΣΤΟΙΧΕΙΑ!I47) | M14: =IF(ΣΤΟΙΧΕΙΑ!J47=0,"",ΣΤΟΙΧΕΙΑ!J47) | N14: =IF(ΣΤΟΙΧΕΙΑ!K47=0,"",ΣΤΟΙΧΕΙΑ!K47) | ... S14: =IF(ΣΤΟΙΧΕΙΑ!P47=0,"",ΣΤΟΙΧΕΙΑ!P47) | T14: =IF(SUM(G14:S14)=0,"",SUM(G14:S14)) -> 78.11043
A15: =IF(B15="","",A14+1) -> 8 | B15: =IF(Διαμερίσματα!B13="","",Διαμερίσματα!B13) -> Β1 | C15: =IF(Διαμερίσματα!I13="","",Διαμερίσματα!I13) -> Ιδιοκτήτης-8 | F15: =IFERROR(HLOOKUP(ΣΤΟΙΧΕΙΑ!$C$11,Ώρες!$D$29:$R$52,2+A15,FALSE),0) -> 21 | G15: =IF(ΣΤΟΙΧΕΙΑ!D48=0,"",ΣΤΟΙΧΕΙΑ!D48) | H15: =IF(ΣΤΟΙΧΕΙΑ!E48=0,"",ΣΤΟΙΧΕΙΑ!E48) -> 77.398602 | I15: =IF(ΣΤΟΙΧΕΙΑ!F48=0,"",ΣΤΟΙΧΕΙΑ!F48) | J15: =IF(ΣΤΟΙΧΕΙΑ!G48=0,"",ΣΤΟΙΧΕΙΑ!G48) | K15: =IF(ΣΤΟΙΧΕΙΑ!H48=0,"",ΣΤΟΙΧΕΙΑ!H48) | L15: =IF(ΣΤΟΙΧΕΙΑ!I48=0,"",ΣΤΟΙΧΕΙΑ!I48) | M15: =IF(ΣΤΟΙΧΕΙΑ!J48=0,"",ΣΤΟΙΧΕΙΑ!J48) | N15: =IF(ΣΤΟΙΧΕΙΑ!K48=0,"",ΣΤΟΙΧΕΙΑ!K48) | ... S15: =IF(ΣΤΟΙΧΕΙΑ!P48=0,"",ΣΤΟΙΧΕΙΑ!P48) | T15: =IF(SUM(G15:S15)=0,"",SUM(G15:S15)) -> 77.398602
A16: =IF(B16="","",A15+1) -> 9 | B16: =IF(Διαμερίσματα!B14="","",Διαμερίσματα!B14) -> Β2 | C16: =IF(Διαμερίσματα!I14="","",Διαμερίσματα!I14) -> Ιδιοκτήτης-9 | F16: =IFERROR(HLOOKUP(ΣΤΟΙΧΕΙΑ!$C$11,Ώρες!$D$29:$R$52,2+A16,FALSE),0) -> 12 | G16: =IF(ΣΤΟΙΧΕΙΑ!D49=0,"",ΣΤΟΙΧΕΙΑ!D49) | H16: =IF(ΣΤΟΙΧΕΙΑ!E49=0,"",ΣΤΟΙΧΕΙΑ!E49) -> 133.28129 | I16: =IF(ΣΤΟΙΧΕΙΑ!F49=0,"",ΣΤΟΙΧΕΙΑ!F49) | J16: =IF(ΣΤΟΙΧΕΙΑ!G49=0,"",ΣΤΟΙΧΕΙΑ!G49) | K16: =IF(ΣΤΟΙΧΕΙΑ!H49=0,"",ΣΤΟΙΧΕΙΑ!H49) | L16: =IF(ΣΤΟΙΧΕΙΑ!I49=0,"",ΣΤΟΙΧΕΙΑ!I49) | M16: =IF(ΣΤΟΙΧΕΙΑ!J49=0,"",ΣΤΟΙΧΕΙΑ!J49) | N16: =IF(ΣΤΟΙΧΕΙΑ!K49=0,"",ΣΤΟΙΧΕΙΑ!K49) | ... S16: =IF(ΣΤΟΙΧΕΙΑ!P49=0,"",ΣΤΟΙΧΕΙΑ!P49) | T16: =IF(SUM(G16:S16)=0,"",SUM(G16:S16)) -> 133.28129
A17: =IF(B17="","",A16+1) -> 10 | B17: =IF(Διαμερίσματα!B15="","",Διαμερίσματα!B15) -> Β3 | C17: =IF(Διαμερίσματα!I15="","",Διαμερίσματα!I15) -> Ιδιοκτήτης-10 | F17: =IFERROR(HLOOKUP(ΣΤΟΙΧΕΙΑ!$C$11,Ώρες!$D$29:$R$52,2+A17,FALSE),0) -> 60 | G17: =IF(ΣΤΟΙΧΕΙΑ!D50=0,"",ΣΤΟΙΧΕΙΑ!D50) | H17: =IF(ΣΤΟΙΧΕΙΑ!E50=0,"",ΣΤΟΙΧΕΙΑ!E50) -> 236.65566 | I17: =IF(ΣΤΟΙΧΕΙΑ!F50=0,"",ΣΤΟΙΧΕΙΑ!F50) | J17: =IF(ΣΤΟΙΧΕΙΑ!G50=0,"",ΣΤΟΙΧΕΙΑ!G50) | K17: =IF(ΣΤΟΙΧΕΙΑ!H50=0,"",ΣΤΟΙΧΕΙΑ!H50) | L17: =IF(ΣΤΟΙΧΕΙΑ!I50=0,"",ΣΤΟΙΧΕΙΑ!I50) | M17: =IF(ΣΤΟΙΧΕΙΑ!J50=0,"",ΣΤΟΙΧΕΙΑ!J50) | N17: =IF(ΣΤΟΙΧΕΙΑ!K50=0,"",ΣΤΟΙΧΕΙΑ!K50) | ... S17: =IF(ΣΤΟΙΧΕΙΑ!P50=0,"",ΣΤΟΙΧΕΙΑ!P50) | T17: =IF(SUM(G17:S17)=0,"",SUM(G17:S17)) -> 236.65566
A18: =IF(B18="","",A17+1) -> 11 | B18: =IF(Διαμερίσματα!B16="","",Διαμερίσματα!B16) -> Β4 | C18: =IF(Διαμερίσματα!I16="","",Διαμερίσματα!I16) -> Ιδιοκτήτης-11 | F18: =IFERROR(HLOOKUP(ΣΤΟΙΧΕΙΑ!$C$11,Ώρες!$D$29:$R$52,2+A18,FALSE),0) -> 72 | G18: =IF(ΣΤΟΙΧΕΙΑ!D51=0,"",ΣΤΟΙΧΕΙΑ!D51) | H18: =IF(ΣΤΟΙΧΕΙΑ!E51=0,"",ΣΤΟΙΧΕΙΑ!E51) | I18: =IF(ΣΤΟΙΧΕΙΑ!F51=0,"",ΣΤΟΙΧΕΙΑ!F51) | J18: =IF(ΣΤΟΙΧΕΙΑ!G51=0,"",ΣΤΟΙΧΕΙΑ!G51) | K18: =IF(ΣΤΟΙΧΕΙΑ!H51=0,"",ΣΤΟΙΧΕΙΑ!H51) | L18: =IF(ΣΤΟΙΧΕΙΑ!I51=0,"",ΣΤΟΙΧΕΙΑ!I51) | M18: =IF(ΣΤΟΙΧΕΙΑ!J51=0,"",ΣΤΟΙΧΕΙΑ!J51) | N18: =IF(ΣΤΟΙΧΕΙΑ!K51=0,"",ΣΤΟΙΧΕΙΑ!K51) | ... S18: =IF(ΣΤΟΙΧΕΙΑ!P51=0,"",ΣΤΟΙΧΕΙΑ!P51) | T18: =IF(SUM(G18:S18)=0,"",SUM(G18:S18))
A19: =IF(B19="","",A18+1) -> 12 | B19: =IF(Διαμερίσματα!B17="","",Διαμερίσματα!B17) -> Γ1 | C19: =IF(Διαμερίσματα!I17="","",Διαμερίσματα!I17) -> Ιδιοκτήτης-12 | F19: =IFERROR(HLOOKUP(ΣΤΟΙΧΕΙΑ!$C$11,Ώρες!$D$29:$R$52,2+A19,FALSE),0) -> 0 | G19: =IF(ΣΤΟΙΧΕΙΑ!D62=0,"",ΣΤΟΙΧΕΙΑ!D62) | H19: =IF(ΣΤΟΙΧΕΙΑ!E52=0,"",ΣΤΟΙΧΕΙΑ!E52) -> 26.341334 | I19: =IF(ΣΤΟΙΧΕΙΑ!F52=0,"",ΣΤΟΙΧΕΙΑ!F52) | J19: =IF(ΣΤΟΙΧΕΙΑ!G52=0,"",ΣΤΟΙΧΕΙΑ!G52) | K19: =IF(ΣΤΟΙΧΕΙΑ!H52=0,"",ΣΤΟΙΧΕΙΑ!H52) | L19: =IF(ΣΤΟΙΧΕΙΑ!I52=0,"",ΣΤΟΙΧΕΙΑ!I52) | M19: =IF(ΣΤΟΙΧΕΙΑ!J52=0,"",ΣΤΟΙΧΕΙΑ!J52) | N19: =IF(ΣΤΟΙΧΕΙΑ!K52=0,"",ΣΤΟΙΧΕΙΑ!K52) | O19: =IF(ΣΤΟΙΧΕΙΑ!L52=0,"",ΣΤΟΙΧΕΙΑ!L52) | ... S19: =IF(ΣΤΟΙΧΕΙΑ!P52=0,"",ΣΤΟΙΧΕΙΑ!P52) | T19: =IF(SUM(G19:S19)=0,"",SUM(G19:S19)) -> 26.341334
A20: =IF(B20="","",A19+1) -> 13 | B20: =IF(Διαμερίσματα!B18="","",Διαμερίσματα!B18) -> Γ2 | C20: =IF(Διαμερίσματα!I18="","",Διαμερίσματα!I18) -> Ιδιοκτήτης-13 | F20: =IFERROR(HLOOKUP(ΣΤΟΙΧΕΙΑ!$C$11,Ώρες!$D$29:$R$52,2+A20,FALSE),0) -> 0 | G20: =IF(ΣΤΟΙΧΕΙΑ!D63=0,"",ΣΤΟΙΧΕΙΑ!D63) | H20: =IF(ΣΤΟΙΧΕΙΑ!E53=0,"",ΣΤΟΙΧΕΙΑ!E53) -> 26.371227 | I20: =IF(ΣΤΟΙΧΕΙΑ!F53=0,"",ΣΤΟΙΧΕΙΑ!F53) | J20: =IF(ΣΤΟΙΧΕΙΑ!G53=0,"",ΣΤΟΙΧΕΙΑ!G53) | K20: =IF(ΣΤΟΙΧΕΙΑ!H53=0,"",ΣΤΟΙΧΕΙΑ!H53) | L20: =IF(ΣΤΟΙΧΕΙΑ!I53=0,"",ΣΤΟΙΧΕΙΑ!I53) | M20: =IF(ΣΤΟΙΧΕΙΑ!J53=0,"",ΣΤΟΙΧΕΙΑ!J53) | N20: =IF(ΣΤΟΙΧΕΙΑ!K53=0,"",ΣΤΟΙΧΕΙΑ!K53) | O20: =IF(ΣΤΟΙΧΕΙΑ!L53=0,"",ΣΤΟΙΧΕΙΑ!L53) | ... S20: =IF(ΣΤΟΙΧΕΙΑ!P53=0,"",ΣΤΟΙΧΕΙΑ!P53) | T20: =IF(SUM(G20:S20)=0,"",SUM(G20:S20)) -> 26.371227
A21: =IF(B21="","",A20+1) -> 14 | B21: =IF(Διαμερίσματα!B19="","",Διαμερίσματα!B19) -> Γ3 | C21: =IF(Διαμερίσματα!I19="","",Διαμερίσματα!I19) -> Ιδιοκτήτης-14 | F21: =IFERROR(HLOOKUP(ΣΤΟΙΧΕΙΑ!$C$11,Ώρες!$D$29:$R$52,2+A21,FALSE),0) -> 0 | G21: =IF(ΣΤΟΙΧΕΙΑ!D64=0,"",ΣΤΟΙΧΕΙΑ!D64) | H21: =IF(ΣΤΟΙΧΕΙΑ!E54=0,"",ΣΤΟΙΧΕΙΑ!E54) -> 26.371227 | I21: =IF(ΣΤΟΙΧΕΙΑ!F54=0,"",ΣΤΟΙΧΕΙΑ!F54) | J21: =IF(ΣΤΟΙΧΕΙΑ!G54=0,"",ΣΤΟΙΧΕΙΑ!G54) | K21: =IF(ΣΤΟΙΧΕΙΑ!H54=0,"",ΣΤΟΙΧΕΙΑ!H54) | L21: =IF(ΣΤΟΙΧΕΙΑ!I54=0,"",ΣΤΟΙΧΕΙΑ!I54) | M21: =IF(ΣΤΟΙΧΕΙΑ!J54=0,"",ΣΤΟΙΧΕΙΑ!J54) | N21: =IF(ΣΤΟΙΧΕΙΑ!K54=0,"",ΣΤΟΙΧΕΙΑ!K54) | O21: =IF(ΣΤΟΙΧΕΙΑ!L54=0,"",ΣΤΟΙΧΕΙΑ!L54) | ... S21: =IF(ΣΤΟΙΧΕΙΑ!P54=0,"",ΣΤΟΙΧΕΙΑ!P54) | T21: =IF(SUM(G21:S21)=0,"",SUM(G21:S21)) -> 26.371227
A22: =IF(B22="","",A21+1) -> 15 | B22: =IF(Διαμερίσματα!B20="","",Διαμερίσματα!B20) -> Γ4 | C22: =IF(Διαμερίσματα!I20="","",Διαμερίσματα!I20) -> Ιδιοκτήτης-15 | F22: =IFERROR(HLOOKUP(ΣΤΟΙΧΕΙΑ!$C$11,Ώρες!$D$29:$R$52,2+A22,FALSE),0) -> 0 | G22: =IF(ΣΤΟΙΧΕΙΑ!D65=0,"",ΣΤΟΙΧΕΙΑ!D65) | H22: =IF(ΣΤΟΙΧΕΙΑ!E55=0,"",ΣΤΟΙΧΕΙΑ!E55) -> 26.371227 | I22: =IF(ΣΤΟΙΧΕΙΑ!F55=0,"",ΣΤΟΙΧΕΙΑ!F55) | J22: =IF(ΣΤΟΙΧΕΙΑ!G55=0,"",ΣΤΟΙΧΕΙΑ!G55) | K22: =IF(ΣΤΟΙΧΕΙΑ!H55=0,"",ΣΤΟΙΧΕΙΑ!H55) | L22: =IF(ΣΤΟΙΧΕΙΑ!I55=0,"",ΣΤΟΙΧΕΙΑ!I55) | M22: =IF(ΣΤΟΙΧΕΙΑ!J55=0,"",ΣΤΟΙΧΕΙΑ!J55) | N22: =IF(ΣΤΟΙΧΕΙΑ!K55=0,"",ΣΤΟΙΧΕΙΑ!K55) | O22: =IF(ΣΤΟΙΧΕΙΑ!L55=0,"",ΣΤΟΙΧΕΙΑ!L55) | ... S22: =IF(ΣΤΟΙΧΕΙΑ!P55=0,"",ΣΤΟΙΧΕΙΑ!P55) | T22: =IF(SUM(G22:S22)=0,"",SUM(G22:S22)) -> 26.371227
A23: =IF(B23="","",A22+1) -> 16 | B23: =IF(Διαμερίσματα!B21="","",Διαμερίσματα!B21) -> Δ1 | C23: =IF(Διαμερίσματα!I21="","",Διαμερίσματα!I21) -> Ιδιοκτήτης-16 | F23: =IFERROR(HLOOKUP(ΣΤΟΙΧΕΙΑ!$C$11,Ώρες!$D$29:$R$52,2+A23,FALSE),0) -> 0 | G23: =IF(ΣΤΟΙΧΕΙΑ!D66=0,"",ΣΤΟΙΧΕΙΑ!D66) | H23: =IF(ΣΤΟΙΧΕΙΑ!E56=0,"",ΣΤΟΙΧΕΙΑ!E56) -> 26.371227 | I23: =IF(ΣΤΟΙΧΕΙΑ!F56=0,"",ΣΤΟΙΧΕΙΑ!F56) | J23: =IF(ΣΤΟΙΧΕΙΑ!G56=0,"",ΣΤΟΙΧΕΙΑ!G56) | K23: =IF(ΣΤΟΙΧΕΙΑ!H56=0,"",ΣΤΟΙΧΕΙΑ!H56) | L23: =IF(ΣΤΟΙΧΕΙΑ!I56=0,"",ΣΤΟΙΧΕΙΑ!I56) | M23: =IF(ΣΤΟΙΧΕΙΑ!J56=0,"",ΣΤΟΙΧΕΙΑ!J56) | N23: =IF(ΣΤΟΙΧΕΙΑ!K56=0,"",ΣΤΟΙΧΕΙΑ!K56) | O23: =IF(ΣΤΟΙΧΕΙΑ!L56=0,"",ΣΤΟΙΧΕΙΑ!L56) | ... S23: =IF(ΣΤΟΙΧΕΙΑ!P56=0,"",ΣΤΟΙΧΕΙΑ!P56) | T23: =IF(SUM(G23:S23)=0,"",SUM(G23:S23)) -> 26.371227
A24: =IF(B24="","",A23+1) -> 17 | B24: =IF(Διαμερίσματα!B22="","",Διαμερίσματα!B22) -> Δ2 | C24: =IF(Διαμερίσματα!I22="","",Διαμερίσματα!I22) -> Ιδιοκτήτης-17 | F24: =IFERROR(HLOOKUP(ΣΤΟΙΧΕΙΑ!$C$11,Ώρες!$D$29:$R$52,2+A24,FALSE),0) -> 0 | G24: =IF(ΣΤΟΙΧΕΙΑ!D67=0,"",ΣΤΟΙΧΕΙΑ!D67) | H24: =IF(ΣΤΟΙΧΕΙΑ!E57=0,"",ΣΤΟΙΧΕΙΑ!E57) -> 26.371227 | I24: =IF(ΣΤΟΙΧΕΙΑ!F57=0,"",ΣΤΟΙΧΕΙΑ!F57) | J24: =IF(ΣΤΟΙΧΕΙΑ!G57=0,"",ΣΤΟΙΧΕΙΑ!G57) | K24: =IF(ΣΤΟΙΧΕΙΑ!H57=0,"",ΣΤΟΙΧΕΙΑ!H57) | L24: =IF(ΣΤΟΙΧΕΙΑ!I57=0,"",ΣΤΟΙΧΕΙΑ!I57) | M24: =IF(ΣΤΟΙΧΕΙΑ!J57=0,"",ΣΤΟΙΧΕΙΑ!J57) | N24: =IF(ΣΤΟΙΧΕΙΑ!K57=0,"",ΣΤΟΙΧΕΙΑ!K57) | O24: =IF(ΣΤΟΙΧΕΙΑ!L57=0,"",ΣΤΟΙΧΕΙΑ!L57) | ... S24: =IF(ΣΤΟΙΧΕΙΑ!P57=0,"",ΣΤΟΙΧΕΙΑ!P57) | T24: =IF(SUM(G24:S24)=0,"",SUM(G24:S24)) -> 26.371227
A25: =IF(B25="","",A24+1) -> 18 | B25: =IF(Διαμερίσματα!B23="","",Διαμερίσματα!B23) -> Δ3 | C25: =IF(Διαμερίσματα!I23="","",Διαμερίσματα!I23) -> Ιδιοκτήτης-18 | F25: =IFERROR(HLOOKUP(ΣΤΟΙΧΕΙΑ!$C$11,Ώρες!$D$29:$R$52,2+A25,FALSE),0) -> 0 | G25: =IF(ΣΤΟΙΧΕΙΑ!D68=0,"",ΣΤΟΙΧΕΙΑ!D68) | H25: =IF(ΣΤΟΙΧΕΙΑ!E58=0,"",ΣΤΟΙΧΕΙΑ!E58) -> 26.518445 | I25: =IF(ΣΤΟΙΧΕΙΑ!F58=0,"",ΣΤΟΙΧΕΙΑ!F58) | J25: =IF(ΣΤΟΙΧΕΙΑ!G58=0,"",ΣΤΟΙΧΕΙΑ!G58) | K25: =IF(ΣΤΟΙΧΕΙΑ!H58=0,"",ΣΤΟΙΧΕΙΑ!H58) | L25: =IF(ΣΤΟΙΧΕΙΑ!I58=0,"",ΣΤΟΙΧΕΙΑ!I58) | M25: =IF(ΣΤΟΙΧΕΙΑ!J58=0,"",ΣΤΟΙΧΕΙΑ!J58) | N25: =IF(ΣΤΟΙΧΕΙΑ!K58=0,"",ΣΤΟΙΧΕΙΑ!K58) | O25: =IF(ΣΤΟΙΧΕΙΑ!L58=0,"",ΣΤΟΙΧΕΙΑ!L58) | ... S25: =IF(ΣΤΟΙΧΕΙΑ!P58=0,"",ΣΤΟΙΧΕΙΑ!P58) | T25: =IF(SUM(G25:S25)=0,"",SUM(G25:S25)) -> 26.518445
A26: =IF(B26="","",A25+1) -> 19 | B26: =IF(Διαμερίσματα!B24="","",Διαμερίσματα!B24) -> Δ4 | C26: =IF(Διαμερίσματα!I24="","",Διαμερίσματα!I24) -> Ιδιοκτήτης-19 | F26: =IFERROR(HLOOKUP(ΣΤΟΙΧΕΙΑ!$C$11,Ώρες!$D$29:$R$52,2+A26,FALSE),0) -> 0 | G26: =IF(ΣΤΟΙΧΕΙΑ!D69=0,"",ΣΤΟΙΧΕΙΑ!D69) | H26: =IF(ΣΤΟΙΧΕΙΑ!E59=0,"",ΣΤΟΙΧΕΙΑ!E59) -> 26.371227 | I26: =IF(ΣΤΟΙΧΕΙΑ!F59=0,"",ΣΤΟΙΧΕΙΑ!F59) | J26: =IF(ΣΤΟΙΧΕΙΑ!G59=0,"",ΣΤΟΙΧΕΙΑ!G59) | K26: =IF(ΣΤΟΙΧΕΙΑ!H59=0,"",ΣΤΟΙΧΕΙΑ!H59) | L26: =IF(ΣΤΟΙΧΕΙΑ!I59=0,"",ΣΤΟΙΧΕΙΑ!I59) | M26: =IF(ΣΤΟΙΧΕΙΑ!J59=0,"",ΣΤΟΙΧΕΙΑ!J59) | N26: =IF(ΣΤΟΙΧΕΙΑ!K59=0,"",ΣΤΟΙΧΕΙΑ!K59) | O26: =IF(ΣΤΟΙΧΕΙΑ!L59=0,"",ΣΤΟΙΧΕΙΑ!L59) | ... S26: =IF(ΣΤΟΙΧΕΙΑ!P59=0,"",ΣΤΟΙΧΕΙΑ!P59) | T26: =IF(SUM(G26:S26)=0,"",SUM(G26:S26)) -> 26.371227
A27: =IF(B27="","",A26+1) -> 20 | B27: =IF(Διαμερίσματα!B25="","",Διαμερίσματα!B25) -> Ε1 | C27: =IF(Διαμερίσματα!I25="","",Διαμερίσματα!I25) -> Ιδιοκτήτης-20 | F27: =IFERROR(HLOOKUP(ΣΤΟΙΧΕΙΑ!$C$11,Ώρες!$D$29:$R$52,2+A27,FALSE),0) -> 0 | G27: =IF(ΣΤΟΙΧΕΙΑ!D70=0,"",ΣΤΟΙΧΕΙΑ!D70) | H27: =IF(ΣΤΟΙΧΕΙΑ!E60=0,"",ΣΤΟΙΧΕΙΑ!E60) -> 26.371227 | I27: =IF(ΣΤΟΙΧΕΙΑ!F60=0,"",ΣΤΟΙΧΕΙΑ!F60) | J27: =IF(ΣΤΟΙΧΕΙΑ!G60=0,"",ΣΤΟΙΧΕΙΑ!G60) | K27: =IF(ΣΤΟΙΧΕΙΑ!H60=0,"",ΣΤΟΙΧΕΙΑ!H60) | L27: =IF(ΣΤΟΙΧΕΙΑ!I60=0,"",ΣΤΟΙΧΕΙΑ!I60) | M27: =IF(ΣΤΟΙΧΕΙΑ!J60=0,"",ΣΤΟΙΧΕΙΑ!J60) | N27: =IF(ΣΤΟΙΧΕΙΑ!K60=0,"",ΣΤΟΙΧΕΙΑ!K60) | O27: =IF(ΣΤΟΙΧΕΙΑ!L60=0,"",ΣΤΟΙΧΕΙΑ!L60) | ... S27: =IF(ΣΤΟΙΧΕΙΑ!P60=0,"",ΣΤΟΙΧΕΙΑ!P60) | T27: =IF(SUM(G27:S27)=0,"",SUM(G27:S27)) -> 26.371227
A28: =IF(B28="","",A27+1) -> 21 | B28: =IF(Διαμερίσματα!B26="","",Διαμερίσματα!B26) -> Ε2 | C28: =IF(Διαμερίσματα!I26="","",Διαμερίσματα!I26) -> Ιδιοκτήτης-21 | F28: =IFERROR(HLOOKUP(ΣΤΟΙΧΕΙΑ!$C$11,Ώρες!$D$29:$R$52,2+A28,FALSE),0) -> 0 | G28: =IF(ΣΤΟΙΧΕΙΑ!D71=0,"",ΣΤΟΙΧΕΙΑ!D71) | H28: =IF(ΣΤΟΙΧΕΙΑ!E61=0,"",ΣΤΟΙΧΕΙΑ!E61) -> 26.371227 | I28: =IF(ΣΤΟΙΧΕΙΑ!F61=0,"",ΣΤΟΙΧΕΙΑ!F61) | J28: =IF(ΣΤΟΙΧΕΙΑ!G61=0,"",ΣΤΟΙΧΕΙΑ!G61) | K28: =IF(ΣΤΟΙΧΕΙΑ!H61=0,"",ΣΤΟΙΧΕΙΑ!H61) | L28: =IF(ΣΤΟΙΧΕΙΑ!I61=0,"",ΣΤΟΙΧΕΙΑ!I61) | M28: =IF(ΣΤΟΙΧΕΙΑ!J61=0,"",ΣΤΟΙΧΕΙΑ!J61) | N28: =IF(ΣΤΟΙΧΕΙΑ!K61=0,"",ΣΤΟΙΧΕΙΑ!K61) | O28: =IF(ΣΤΟΙΧΕΙΑ!L61=0,"",ΣΤΟΙΧΕΙΑ!L61) | ... S28: =IF(ΣΤΟΙΧΕΙΑ!P61=0,"",ΣΤΟΙΧΕΙΑ!P61) | T28: =IF(SUM(G28:S28)=0,"",SUM(G28:S28)) -> 26.371227
A29: =IF(B29="","",A28+1) -> 22 | B29: =IF(Διαμερίσματα!B27="","",Διαμερίσματα!B27) -> Ε3 | C29: =IF(Διαμερίσματα!I27="","",Διαμερίσματα!I27) -> Ιδιοκτήτης-22 | F29: =IFERROR(HLOOKUP(ΣΤΟΙΧΕΙΑ!$C$11,Ώρες!$D$29:$R$52,2+A29,FALSE),0) -> 0 | G29: =IF(ΣΤΟΙΧΕΙΑ!D72=0,"",ΣΤΟΙΧΕΙΑ!D72) | H29: =IF(ΣΤΟΙΧΕΙΑ!E62=0,"",ΣΤΟΙΧΕΙΑ!E62) | I29: =IF(ΣΤΟΙΧΕΙΑ!F62=0,"",ΣΤΟΙΧΕΙΑ!F62) | J29: =IF(ΣΤΟΙΧΕΙΑ!G62=0,"",ΣΤΟΙΧΕΙΑ!G62) | K29: =IF(ΣΤΟΙΧΕΙΑ!H62=0,"",ΣΤΟΙΧΕΙΑ!H62) | L29: =IF(ΣΤΟΙΧΕΙΑ!I62=0,"",ΣΤΟΙΧΕΙΑ!I62) | M29: =IF(ΣΤΟΙΧΕΙΑ!J62=0,"",ΣΤΟΙΧΕΙΑ!J62) | N29: =IF(ΣΤΟΙΧΕΙΑ!K62=0,"",ΣΤΟΙΧΕΙΑ!K62) | O29: =IF(ΣΤΟΙΧΕΙΑ!L62=0,"",ΣΤΟΙΧΕΙΑ!L62) | ... S29: =IF(ΣΤΟΙΧΕΙΑ!P62=0,"",ΣΤΟΙΧΕΙΑ!P62) | T29: =IF(SUM(G29:S29)=0,"",SUM(G29:S29))
A30: Σ Υ Ν Ο Λ Α (τα Ποσά μπορεί να έχουν απόκλιση μέχρι 1 €, λόγω στρογγυλοποίησης) | F30: =SUM(F8:F29) -> 387 | G30: =IF(ΣΤΟΙΧΕΙΑ!D63=0,"",ΣΤΟΙΧΕΙΑ!D63) | H30: =IF(ΣΤΟΙΧΕΙΑ!E63=0,"",ΣΤΟΙΧΕΙΑ!E63) -> 1480 | I30: =IF(ΣΤΟΙΧΕΙΑ!F63=0,"",ΣΤΟΙΧΕΙΑ!F63) | J30: =IF(ΣΤΟΙΧΕΙΑ!G63=0,"",ΣΤΟΙΧΕΙΑ!G63) | K30: =IF(ΣΤΟΙΧΕΙΑ!H63=0,"",ΣΤΟΙΧΕΙΑ!H63) | L30: =IF(ΣΤΟΙΧΕΙΑ!I63=0,"",ΣΤΟΙΧΕΙΑ!I63) | M30: =IF(ΣΤΟΙΧΕΙΑ!J63=0,"",ΣΤΟΙΧΕΙΑ!J63) | N30: =IF(ΣΤΟΙΧΕΙΑ!K63=0,"",ΣΤΟΙΧΕΙΑ!K63) | ... S30: =IF(ΣΤΟΙΧΕΙΑ!P63=0,"",ΣΤΟΙΧΕΙΑ!P63) | T30: =SUM(T8:T29) -> 1480

Sheet Πετρέλαιο
A1: Δεξαμενή Πετρελαίου | H1: =ΣΤΟΙΧΕΙΑ!C3 -> Κ Ο Ι Ν Ο Χ Ρ Η Σ Τ Α : | X1: Πρόχειρη εκτίμηση Συμβατικού Ύψους, για ορθογώνια Δεξαμενή.
A2: Διαστάσεις σε Μέτρα | D2: Εμβαδόν m2 | E2: Όγκος m3 | F2: Όγκος σε Λίτρα | G2: Λίτρα ανά cm | H2: =ΣΤΟΙΧΕΙΑ!C12 -> Διευθύνση 123 | X2: CM | Y2: Διαφορά CM | Z2: Λίτρα | AA2: Διαφορά Λίτρα | AB2: Συμβατικό Ύψος
A3: Μήκος | B3: Πλάτος | C3: Ύψος | D3: ΜχΠ | E3: ΜχΠχΥ | X3: 5.5 | Y3: =X3-0 -> 5.5 | Z3: 50 | AA3: =Z3-0 -> 50 | AB3: 2.5
A4: 2.5 | B4: 1.25 | C4: 1.25 | D4: =ROUND(A4*B4,3) -> 3.125 | E4: =ROUND(A4*B4*C4,2) -> 3.91 | F4: =E4*1000 -> 3910 | G4: =ROUND(D4*0.01*1000,2) -> 31.25 | X4: 9 | Y4: =X4-X3 -> 3.5 | Z4: 100 | AA4: =Z4-Z3 -> 50 | AB4: 5
A5: =A4 -> 2.5 | B5: =B4 -> 1.25 | C5: =ROUND((E5/D5)*100,1) -> 30.9 | D5: =ROUND(A5*B5,3) -> 3.125 | E5: =ROUND(F5/1000,3) -> 0.966 | F5: 966 | G5: =ROUND(D5*0.01*1000,2) -> 31.25 | H5: Εύρεση Συμβατικού Ύψους | X5: 12 | Y5: =X5-X4 -> 3 | Z5: 150 | AA5: =Z5-Z4 -> 50 | AB5: 7.5
A6: Επιστροφή στην ΠΛΟΗΓΗΣΗ | X6: 14.5 | Y6: =X6-X5 -> 2.5 | Z6: 200 | AA6: =Z6-Z5 -> 50 | AB6: 10
A7: Σύνδεσμοι Υπολογισμών: | C7: http://www.red-bag.com/engintools/hortankvol.php | X7: 17.5 | Y7: =X7-X6 -> 3 | Z7: 250 | AA7: =Z7-Z6 -> 50 | AB7: 12.5
C8: http://users.sch.gr/geoman22/index2.htm | X8: 20 | Y8: =X8-X7 -> 2.5 | Z8: 300 | AA8: =Z8-Z7 -> 50 | AB8: 15
A9: Υπολογισμός Κόστους Πετρελαίου που Κάηκε για την Κατανομή στα Κοινόχρηστα | X9: 22.5 | Y9: =X9-X8 -> 2.5 | Z9: 350 | AA9: =Z9-Z8 -> 50 | AB9: 17.5
A10: Α/Α | B10: Μήνας | C10: Προμήθεια | F10: Ποσότητα (Λίτρα) | I10: Κόστος Αγοράς σε € | N10: Ύψος Δεξαμενής σε cm | Q10: Έλεγχος Παρα-λαβής | R10: Ημερομηνίες Μετρήσεων | S10: Πετρέλαιο που Κάηκε | V10: Κόστος σε € | X10: 24.5 | Y10: =X10-X9 -> 2 | Z10: 400 | AA10: =Z10-Z9 -> 50 | AB10: 20
C11: Ημερομηνία | D11: Προμηθευτής | E11: Απόδειξη Λιαν.Πώλ. | F11: Προηγ. Υπόλοιπο | G11: Αγορά | H11: ΝΕΟ Υπόλοιπο | I11: Προηγ. Υπόλοιπ | J11: ΝΕΟΥ | K11: Συνολ. Υπόλοιπ. | L11: Λίτρου ΝΕΟΥ | M11: ΜΟ/Λ Άκαυστου | N11: Προη- γούμενο | O11: ΝΈΟ | P11: Δια-φορά | S11: Ύψος ΝΈΟ | T11: Μείωση Ύψους | U11: σε Λίτρα | V11: Με ΜΟ Τιμής | X11: 27.3 | Y11: =X11-X10 -> 2.8 | Z11: 450 | AA11: =Z11-Z10 -> 50 | AB11: 22.5
A12: 1 | B12: =A12+1 -> 2 | C12: =B12+1 -> 3 | D12: =C12+1 -> 4 | E12: =D12+1 -> 5 | F12: =E12+1 -> 6 | G12: =F12+1 -> 7 | H12: =G12+1 -> 8 | I12: =H12+1 -> 9 | ... V12: =U12+1 -> 22 | X12: 29.5 | Y12: =X12-X11 -> 2.2 | Z12: 500 | AA12: =Z12-Z11 -> 50 | AB12: 25
A13: 1 | B13: =ΣΤΟΙΧΕΙΑ!F1 -> 40848 | D13: =IF(G13="","",ΣΤΟΙΧΕΙΑ!$C$14) | F13: 110 | H13: =SUM(F13:G13) -> 110 | I13: =ROUND(F13*H4,1) -> 0 | J13: 110 | K13: =I13+J13 -> 110 | L13: =IF(G13="",0,ROUND(J13/G13,3)) -> 0 | M13: =IF(H13=0,0,ROUND(K13/H13,4)) -> 1 | N13: =ROUND(F13/$G$4,1) -> 3.5 | O13: =ROUND(H13/$G$4,1) -> 3.5 | P13: =O13-N13 -> 0 | Q13: =IF(ROUND(P13*$G$4,0)<G13,"ΚΛΕΒΕΙ",ROUND(P13*$G$4,0)) -> 0 | R13: =ΣΤΟΙΧΕΙΑ!F1+27 -> 40875 | S13: 3.5 | T13: =IF(S13="",0,IF(G13="",ROUND(N13-S13,1),ROUND(O13-S13,1))) -> 0 | U13: =ROUND(T13*$G$4,1) -> 0 | V13: =ROUND(U13*M13,0) -> 0 | X13: 32.3 | Y13: =X13-X12 -> 2.8 | Z13: 550 | AA13: =Z13-Z12 -> 50 | AB13: 27.5
A14: =A13+1 -> 2 | B14: =ΣΤΟΙΧΕΙΑ!F2 -> 40878 | D14: =IF(G14="","",ΣΤΟΙΧΕΙΑ!$C$14) -> Βενζινάς | F14: =IF(S13="",H13,ROUND(S13*$G$4,0)) -> 109 | G14: 1200 | H14: =SUM(F14:G14) -> 1309 | I14: =ROUND(F14*M13,1) -> 109 | J14: 981 | K14: =I14+J14 -> 1090 | L14: =IF(G14="",0,ROUND(J14/G14,3)) -> 0.818 | M14: =IF(H14=0,0,ROUND(K14/H14,4)) -> 0.8327 | N14: =ROUND(F14/$G$4,1) -> 3.5 | O14: =ROUND(H14/$G$4,1) -> 41.9 | P14: =IF(G14="",0,IF(S13="",ROUND((H14-F14)/$G$4,0),O14-N14)) -> 38.4 | Q14: =IF(ROUND(P14*$G$4,0)<G14,"ΚΛΕΒΕΙ",ROUND(P14*$G$4,0)) -> 1200 | R14: =ΣΤΟΙΧΕΙΑ!F2+27 -> 40905 | S14: 15 | T14: =IF(S14="",0,IF(G14="",ROUND(N14-S14,1),ROUND(O14-S14,1))) -> 26.9 | U14: =ROUND(T14*$G$4,1) -> 840.6 | V14: =ROUND(U14*M14,0) -> 700 | X14: 34.5 | Y14: =X14-X13 -> 2.2 | Z14: 600 | AA14: =Z14-Z13 -> 50 | AB14: 30
A15: =A14+1 -> 3 | B15: =ΣΤΟΙΧΕΙΑ!F3 -> 40909 | D15: =IF(G15="","",ΣΤΟΙΧΕΙΑ!$C$14) | F15: =IF(S14="",H14,ROUND(S14*$G$4,0)) -> 469 | H15: =SUM(F15:G15) -> 469 | I15: =ROUND(F15*M14,1) -> 390.5 | K15: =I15+J15 -> 390.5 | L15: =IF(G15="",0,ROUND(J15/G15,3)) -> 0 | M15: =IF(H15=0,0,ROUND(K15/H15,4)) -> 0.8326 | N15: =ROUND(F15/$G$4,1) -> 15 | O15: =ROUND(H15/$G$4,1) -> 15 | P15: =IF(G15="",0,IF(S14="",ROUND((H15-F15)/$G$4,0),O15-N15)) -> 0 | Q15: =IF(ROUND(P15*$G$4,0)<G15,"ΚΛΕΒΕΙ",ROUND(P15*$G$4,0)) -> 0 | R15: =ΣΤΟΙΧΕΙΑ!F3+27 -> 40936 | S15: 0 | T15: =IF(S15="",0,IF(G15="",ROUND(N15-S15,1),ROUND(O15-S15,1))) -> 15 | U15: =ROUND(T15*$G$4,1) -> 468.8 | V15: =ROUND(U15*M15,0) -> 390 | X15: 36.5 | Y15: =X15-X14 -> 2 | Z15: 650 | AA15: =Z15-Z14 -> 50 | AB15: 32.5
A16: =A15+1 -> 4 | B16: =ΣΤΟΙΧΕΙΑ!F4 -> 40940 | D16: =IF(G16="","",ΣΤΟΙΧΕΙΑ!$C$14) | F16: =IF(S15="",H15,ROUND(S15*$G$4,0)) -> 0 | H16: =SUM(F16:G16) -> 0 | I16: =ROUND(F16*M15,1) -> 0 | K16: =I16+J16 -> 0 | L16: =IF(G16="",0,ROUND(J16/G16,3)) -> 0 | M16: =IF(H16=0,0,ROUND(K16/H16,4)) -> 0 | N16: =ROUND(F16/$G$4,1) -> 0 | O16: =ROUND(H16/$G$4,1) -> 0 | P16: =IF(G16="",0,IF(S15="",ROUND((H16-F16)/$G$4,0),O16-N16)) -> 0 | Q16: =IF(ROUND(P16*$G$4,0)<G16,"ΚΛΕΒΕΙ",ROUND(P16*$G$4,0)) -> 0 | R16: =ΣΤΟΙΧΕΙΑ!F4+27 -> 40967 | S16: 0 | T16: =IF(S16="",0,IF(G16="",ROUND(N16-S16,1),ROUND(O16-S16,1))) -> 0 | U16: =ROUND(T16*$G$4,1) -> 0 | V16: =ROUND(U16*M16,0) -> 0 | X16: 38.7 | Y16: =X16-X15 -> 2.2 | Z16: 700 | AA16: =Z16-Z15 -> 50 | AB16: 35
A17: =A16+1 -> 5 | B17: =ΣΤΟΙΧΕΙΑ!F5 -> 40969 | D17: =IF(G17="","",ΣΤΟΙΧΕΙΑ!$C$14) | F17: =IF(S16="",H16,ROUND(S16*$G$4,0)) -> 0 | H17: =SUM(F17:G17) -> 0 | I17: =ROUND(F17*M16,1) -> 0 | K17: =I17+J17 -> 0 | L17: =IF(G17="",0,ROUND(J17/G17,3)) -> 0 | M17: =IF(H17=0,0,ROUND(K17/H17,4)) -> 0 | N17: =ROUND(F17/$G$4,1) -> 0 | O17: =ROUND(H17/$G$4,1) -> 0 | P17: =IF(G17="",0,IF(S16="",ROUND((H17-F17)/$G$4,0),O17-N17)) -> 0 | Q17: =IF(ROUND(P17*$G$4,0)<G17,"ΚΛΕΒΕΙ",ROUND(P17*$G$4,0)) -> 0 | R17: =ΣΤΟΙΧΕΙΑ!F5+27 -> 40996 | S17: 0 | T17: =IF(S17="",0,IF(G17="",ROUND(N17-S17,1),ROUND(O17-S17,1))) -> 0 | U17: =ROUND(T17*$G$4,1) -> 0 | V17: =ROUND(U17*M17,0) -> 0 | X17: 41.3 | Y17: =X17-X16 -> 2.6 | Z17: 750 | AA17: =Z17-Z16 -> 50 | AB17: 37.5
A18: =A17+1 -> 6 | B18: =ΣΤΟΙΧΕΙΑ!F6 -> 41000 | D18: =IF(G18="","",ΣΤΟΙΧΕΙΑ!$C$14) | F18: =IF(S17="",H17,ROUND(S17*$G$4,0)) -> 0 | H18: =SUM(F18:G18) -> 0 | I18: =ROUND(F18*M17,1) -> 0 | K18: =I18+J18 -> 0 | L18: =IF(G18="",0,ROUND(J18/G18,3)) -> 0 | M18: =IF(H18=0,0,ROUND(K18/H18,4)) -> 0 | N18: =ROUND(F18/$G$4,1) -> 0 | O18: =ROUND(H18/$G$4,1) -> 0 | P18: =IF(G18="",0,IF(S17="",ROUND((H18-F18)/$G$4,0),O18-N18)) -> 0 | Q18: =IF(ROUND(P18*$G$4,0)<G18,"ΚΛΕΒΕΙ",ROUND(P18*$G$4,0)) -> 0 | R18: =ΣΤΟΙΧΕΙΑ!F6+27 -> 41027 | S18: 0 | T18: =IF(S18="",0,IF(G18="",ROUND(N18-S18,1),ROUND(O18-S18,1))) -> 0 | U18: =ROUND(T18*$G$4,1) -> 0 | V18: =ROUND(U18*M18,0) -> 0 | X18: 43.3 | Y18: =X18-X17 -> 2 | Z18: 800 | AA18: =Z18-Z17 -> 50 | AB18: 40
A19: =A18+1 -> 7 | B19: =ΣΤΟΙΧΕΙΑ!F7 -> 41030 | D19: =IF(G19="","",ΣΤΟΙΧΕΙΑ!$C$14) | F19: =IF(S18="",H18,ROUND(S18*$G$4,0)) -> 0 | H19: =SUM(F19:G19) -> 0 | I19: =ROUND(F19*M18,1) -> 0 | K19: =I19+J19 -> 0 | L19: =IF(G19="",0,ROUND(J19/G19,3)) -> 0 | M19: =IF(H19=0,0,ROUND(K19/H19,4)) -> 0 | N19: =ROUND(F19/$G$4,1) -> 0 | O19: =ROUND(H19/$G$4,1) -> 0 | P19: =IF(G19="",0,IF(S18="",ROUND((H19-F19)/$G$4,0),O19-N19)) -> 0 | Q19: =IF(ROUND(P19*$G$4,0)<G19,"ΚΛΕΒΕΙ",ROUND(P19*$G$4,0)) -> 0 | R19: =ΣΤΟΙΧΕΙΑ!F7+27 -> 41057 | S19: 0 | T19: =IF(S19="",0,IF(G19="",ROUND(N19-S19,1),ROUND(O19-S19,1))) -> 0 | U19: =ROUND(T19*$G$4,1) -> 0 | V19: =ROUND(U19*M19,0) -> 0 | X19: 45.5 | Y19: =X19-X18 -> 2.2 | Z19: 850 | AA19: =Z19-Z18 -> 50 | AB19: 42.5
A20: =A19+1 -> 8 | B20: =ΣΤΟΙΧΕΙΑ!F8 -> 41061 | D20: =IF(G20="","",ΣΤΟΙΧΕΙΑ!$C$14) | F20: =IF(S19="",H19,ROUND(S19*$G$4,0)) -> 0 | H20: =SUM(F20:G20) -> 0 | I20: =ROUND(F20*M19,1) -> 0 | K20: =I20+J20 -> 0 | L20: =IF(G20="",0,ROUND(J20/G20,3)) -> 0 | M20: =IF(H20=0,0,ROUND(K20/H20,4)) -> 0 | N20: =ROUND(F20/$G$4,1) -> 0 | O20: =ROUND(H20/$G$4,1) -> 0 | P20: =IF(G20="",0,IF(S19="",ROUND((H20-F20)/$G$4,0),O20-N20)) -> 0 | Q20: =IF(ROUND(P20*$G$4,0)<G20,"ΚΛΕΒΕΙ",ROUND(P20*$G$4,0)) -> 0 | R20: =ΣΤΟΙΧΕΙΑ!F8+27 -> 41088 | S20: 0 | T20: =IF(S20="",0,IF(G20="",ROUND(N20-S20,1),ROUND(O20-S20,1))) -> 0 | U20: =ROUND(T20*$G$4,1) -> 0 | V20: =ROUND(U20*M20,0) -> 0 | X20: 48 | Y20: =X20-X19 -> 2.5 | Z20: 900 | AA20: =Z20-Z19 -> 50 | AB20: 45
A21: =A20+1 -> 9 | B21: =ΣΤΟΙΧΕΙΑ!F9 -> 41091 | D21: =IF(G21="","",ΣΤΟΙΧΕΙΑ!$C$14) | F21: =IF(S20="",H20,ROUND(S20*$G$4,0)) -> 0 | H21: =SUM(F21:G21) -> 0 | I21: =ROUND(F21*M20,1) -> 0 | K21: =I21+J21 -> 0 | L21: =IF(G21="",0,ROUND(J21/G21,3)) -> 0 | M21: =IF(H21=0,0,ROUND(K21/H21,4)) -> 0 | N21: =ROUND(F21/$G$4,1) -> 0 | O21: =ROUND(H21/$G$4,1) -> 0 | P21: =IF(G21="",0,IF(S20="",ROUND((H21-F21)/$G$4,0),O21-N21)) -> 0 | Q21: =IF(ROUND(P21*$G$4,0)<G21,"ΚΛΕΒΕΙ",ROUND(P21*$G$4,0)) -> 0 | R21: =ΣΤΟΙΧΕΙΑ!F9+27 -> 41118 | S21: 0 | T21: =IF(S21="",0,IF(G21="",ROUND(N21-S21,1),ROUND(O21-S21,1))) -> 0 | U21: =ROUND(T21*$G$4,1) -> 0 | V21: =ROUND(U21*M21,0) -> 0 | X21: 50.3 | Y21: =X21-X20 -> 2.3 | Z21: 950 | AA21: =Z21-Z20 -> 50 | AB21: 47.5
A22: =A21+1 -> 10 | B22: =ΣΤΟΙΧΕΙΑ!F10 -> 41122 | D22: =IF(G22="","",ΣΤΟΙΧΕΙΑ!$C$14) | F22: =IF(S21="",H21,ROUND(S21*$G$4,0)) -> 0 | H22: =SUM(F22:G22) -> 0 | I22: =ROUND(F22*M21,1) -> 0 | K22: =I22+J22 -> 0 | L22: =IF(G22="",0,ROUND(J22/G22,3)) -> 0 | M22: =IF(H22=0,0,ROUND(K22/H22,4)) -> 0 | N22: =ROUND(F22/$G$4,1) -> 0 | O22: =ROUND(H22/$G$4,1) -> 0 | P22: =IF(G22="",0,IF(S21="",ROUND((H22-F22)/$G$4,0),O22-N22)) -> 0 | Q22: =IF(ROUND(P22*$G$4,0)<G22,"ΚΛΕΒΕΙ",ROUND(P22*$G$4,0)) -> 0 | R22: =ΣΤΟΙΧΕΙΑ!F10+27 -> 41149 | S22: 0 | T22: =IF(S22="",0,IF(G22="",ROUND(N22-S22,1),ROUND(O22-S22,1))) -> 0 | U22: =ROUND(T22*$G$4,1) -> 0 | V22: =ROUND(U22*M22,0) -> 0 | X22: 52.5 | Y22: =X22-X21 -> 2.2 | Z22: 1000 | AA22: =Z22-Z21 -> 50 | AB22: 50
A23: =A22+1 -> 11 | B23: =ΣΤΟΙΧΕΙΑ!F11 -> 41153 | D23: =IF(G23="","",ΣΤΟΙΧΕΙΑ!$C$14) | F23: =IF(S22="",H22,ROUND(S22*$G$4,0)) -> 0 | H23: =SUM(F23:G23) -> 0 | I23: =ROUND(F23*M22,1) -> 0 | K23: =I23+J23 -> 0 | L23: =IF(G23="",0,ROUND(J23/G23,3)) -> 0 | M23: =IF(H23=0,0,ROUND(K23/H23,4)) -> 0 | N23: =ROUND(F23/$G$4,1) -> 0 | O23: =ROUND(H23/$G$4,1) -> 0 | P23: =IF(G23="",0,IF(S22="",ROUND((H23-F23)/$G$4,0),O23-N23)) -> 0 | Q23: =IF(ROUND(P23*$G$4,0)<G23,"ΚΛΕΒΕΙ",ROUND(P23*$G$4,0)) -> 0 | R23: =ΣΤΟΙΧΕΙΑ!F11+27 -> 41180 | S23: 0 | T23: =IF(S23="",0,IF(G23="",ROUND(N23-S23,1),ROUND(O23-S23,1))) -> 0 | U23: =ROUND(T23*$G$4,1) -> 0 | V23: =ROUND(U23*M23,0) -> 0 | X23: 54.5 | Y23: =X23-X22 -> 2 | Z23: 1050 | AA23: =Z23-Z22 -> 50 | AB23: 52.5
A24: =A23+1 -> 12 | B24: =ΣΤΟΙΧΕΙΑ!F12 -> 41183 | D24: =IF(G24="","",ΣΤΟΙΧΕΙΑ!$C$14) | F24: =IF(S23="",H23,ROUND(S23*$G$4,0)) -> 0 | H24: =SUM(F24:G24) -> 0 | I24: =ROUND(F24*M23,1) -> 0 | K24: =I24+J24 -> 0 | L24: =IF(G24="",0,ROUND(J24/G24,3)) -> 0 | M24: =IF(H24=0,0,ROUND(K24/H24,4)) -> 0 | N24: =ROUND(F24/$G$4,1) -> 0 | O24: =ROUND(H24/$G$4,1) -> 0 | P24: =IF(G24="",0,IF(S23="",ROUND((H24-F24)/$G$4,0),O24-N24)) -> 0 | Q24: =IF(ROUND(P24*$G$4,0)<G24,"ΚΛΕΒΕΙ",ROUND(P24*$G$4,0)) -> 0 | R24: =ΣΤΟΙΧΕΙΑ!F12+27 -> 41210 | S24: 0 | T24: =IF(S24="",0,IF(G24="",ROUND(N24-S24,1),ROUND(O24-S24,1))) -> 0 | U24: =ROUND(T24*$G$4,1) -> 0 | V24: =ROUND(U24*M24,0) -> 0 | X24: 56.7 | Y24: =X24-X23 -> 2.2 | Z24: 1100 | AA24: =Z24-Z23 -> 50 | AB24: 55
A25: =A24+1 -> 13 | B25: =ΣΤΟΙΧΕΙΑ!F13 -> 41214 | D25: =IF(G25="","",ΣΤΟΙΧΕΙΑ!$C$14) | F25: =IF(S24="",H24,ROUND(S24*$G$4,0)) -> 0 | H25: =SUM(F25:G25) -> 0 | I25: =ROUND(F25*M24,1) -> 0 | K25: =I25+J25 -> 0 | L25: =IF(G25="",0,ROUND(J25/G25,3)) -> 0 | M25: =IF(H25=0,0,ROUND(K25/H25,4)) -> 0 | N25: =ROUND(F25/$G$4,1) -> 0 | O25: =ROUND(H25/$G$4,1) -> 0 | P25: =IF(G25="",0,IF(S24="",ROUND((H25-F25)/$G$4,0),O25-N25)) -> 0 | Q25: =IF(ROUND(P25*$G$4,0)<G25,"ΚΛΕΒΕΙ",ROUND(P25*$G$4,0)) -> 0 | R25: =ΣΤΟΙΧΕΙΑ!F13+27 -> 41241 | S25: 0 | T25: =IF(S25="",0,IF(G25="",ROUND(N25-S25,1),ROUND(O25-S25,1))) -> 0 | U25: =ROUND(T25*$G$4,1) -> 0 | V25: =ROUND(U25*M25,0) -> 0 | X25: 59 | Y25: =X25-X24 -> 2.3 | Z25: 1150 | AA25: =Z25-Z24 -> 50 | AB25: 57.5
A26: =A25+1 -> 14 | B26: =ΣΤΟΙΧΕΙΑ!F14 -> 41244 | D26: =IF(G26="","",ΣΤΟΙΧΕΙΑ!$C$14) | F26: =IF(S25="",H25,ROUND(S25*$G$4,0)) -> 0 | H26: =SUM(F26:G26) -> 0 | I26: =ROUND(F26*M25,1) -> 0 | K26: =I26+J26 -> 0 | L26: =IF(G26="",0,ROUND(J26/G26,3)) -> 0 | M26: =IF(H26=0,0,ROUND(K26/H26,4)) -> 0 | N26: =ROUND(F26/$G$4,1) -> 0 | O26: =ROUND(H26/$G$4,1) -> 0 | P26: =IF(G26="",0,IF(S25="",ROUND((H26-F26)/$G$4,0),O26-N26)) -> 0 | Q26: =IF(ROUND(P26*$G$4,0)<G26,"ΚΛΕΒΕΙ",ROUND(P26*$G$4,0)) -> 0 | R26: =ΣΤΟΙΧΕΙΑ!F14+27 -> 41271 | S26: 0 | T26: =IF(S26="",0,IF(G26="",ROUND(N26-S26,1),ROUND(O26-S26,1))) -> 0 | U26: =ROUND(T26*$G$4,1) -> 0 | V26: =ROUND(U26*M26,0) -> 0 | X26: 61 | Y26: =X26-X25 -> 2 | Z26: 1200 | AA26: =Z26-Z25 -> 50 | AB26: 60
... A31: =A30+1 -> 19 | B31: =ΣΤΟΙΧΕΙΑ!F19 -> 41395 | D31: =IF(G31="","",ΣΤΟΙΧΕΙΑ!$C$14) | F31: =IF(S30="",H30,ROUND(S30*$G$4,0)) -> 0 | H31: =SUM(F31:G31) -> 0 | I31: =ROUND(F31*M30,1) -> 0 | K31: =I31+J31 -> 0 | L31: =IF(G31="",0,ROUND(J31/G31,3)) -> 0 | M31: =IF(H31=0,0,ROUND(K31/H31,4)) -> 0 | N31: =ROUND(F31/$G$4,1) -> 0 | O31: =ROUND(H31/$G$4,1) -> 0 | P31: =IF(G31="",0,IF(S30="",ROUND((H31-F31)/$G$4,0),O31-N31)) -> 0 | Q31: =IF(ROUND(P31*$G$4,0)<G31,"ΚΛΕΒΕΙ",ROUND(P31*$G$4,0)) -> 0 | R31: =ΣΤΟΙΧΕΙΑ!F19+27 -> 41422 | S31: 0 | T31: =IF(S31="",0,IF(G31="",ROUND(N31-S31,1),ROUND(O31-S31,1))) -> 0 | U31: =ROUND(T31*$G$4,1) -> 0 | V31: =ROUND(U31*M31,0) -> 0 | X31: 73.3 | Y31: =X31-X30 -> 2.8 | Z31: 1450 | AA31: =Z31-Z30 -> 50 | AB31: 72.5
A32: =A31+1 -> 20 | B32: =ΣΤΟΙΧΕΙΑ!F20 -> 41426 | D32: =IF(G32="","",ΣΤΟΙΧΕΙΑ!$C$14) | F32: =IF(S31="",H31,ROUND(S31*$G$4,0)) -> 0 | H32: =SUM(F32:G32) -> 0 | I32: =ROUND(F32*M31,1) -> 0 | K32: =I32+J32 -> 0 | L32: =IF(G32="",0,ROUND(J32/G32,3)) -> 0 | M32: =IF(H32=0,0,ROUND(K32/H32,4)) -> 0 | N32: =ROUND(F32/$G$4,1) -> 0 | O32: =ROUND(H32/$G$4,1) -> 0 | P32: =IF(G32="",0,IF(S31="",ROUND((H32-F32)/$G$4,0),O32-N32)) -> 0 | Q32: =IF(ROUND(P32*$G$4,0)<G32,"ΚΛΕΒΕΙ",ROUND(P32*$G$4,0)) -> 0 | R32: =ΣΤΟΙΧΕΙΑ!F20+27 -> 41453 | T32: =IF(S32="",0,IF(G32="",ROUND(N32-S32,1),ROUND(O32-S32,1))) -> 0 | U32: =ROUND(T32*$G$4,1) -> 0 | V32: =ROUND(U32*M32,0) -> 0 | X32: 75.5 | Y32: =X32-X31 -> 2.2 | Z32: 1500 | AA32: =Z32-Z31 -> 50 | AB32: 75
A33: =A32+1 -> 21 | B33: =ΣΤΟΙΧΕΙΑ!F21 -> 41456 | D33: =IF(G33="","",ΣΤΟΙΧΕΙΑ!$C$14) | F33: =IF(S32="",H32,ROUND(S32*$G$4,0)) -> 0 | H33: =SUM(F33:G33) -> 0 | I33: =ROUND(F33*M32,1) -> 0 | K33: =I33+J33 -> 0 | L33: =IF(G33="",0,ROUND(J33/G33,3)) -> 0 | M33: =IF(H33=0,0,ROUND(K33/H33,4)) -> 0 | N33: =ROUND(F33/$G$4,1) -> 0 | O33: =ROUND(H33/$G$4,1) -> 0 | P33: =IF(G33="",0,IF(S32="",ROUND((H33-F33)/$G$4,0),O33-N33)) -> 0 | Q33: =IF(ROUND(P33*$G$4,0)<G33,"ΚΛΕΒΕΙ",ROUND(P33*$G$4,0)) -> 0 | R33: =ΣΤΟΙΧΕΙΑ!F21+27 -> 41483 | S33: 0 | T33: =IF(S33="",0,IF(G33="",ROUND(N33-S33,1),ROUND(O33-S33,1))) -> 0 | U33: =ROUND(T33*$G$4,1) -> 0 | V33: =ROUND(U33*M33,0) -> 0 | X33: 78.3 | Y33: =X33-X32 -> 2.8 | Z33: 1550 | AA33: =Z33-Z32 -> 50 | AB33: 77.5
A34: Έλεγχος Κόστους Πετρελαίου που Αγοράστηκε: | J34: =SUM(J13:J33) -> 1091 | K34: σε σχέση με το Κόστος Πετρελαίου που Χρεώθηκε στους Ενοίκους + το Απλήρωτο Υπόλοιπο της Δεξαμενής: | V34: =SUM(V13:V33) -> 1090 | X34: 81 | Y34: =X34-X33 -> 2.7 | Z34: 1600 | AA34: =Z34-Z33 -> 50 | AB34: 80
X35: 83.5 | Y35: =X35-X34 -> 2.5 | Z35: 1650 | AA35: =Z35-Z34 -> 50 | AB35: 82.5
X36: 86 | Y36: =X36-X35 -> 2.5 | Z36: 1700 | AA36: =Z36-Z35 -> 50 | AB36: 85
X37: 89 | Y37: =X37-X36 -> 3 | Z37: 1750 | AA37: =Z37-Z36 -> 50 | AB37: 87.5
X38: 92 | Y38: =X38-X37 -> 3 | Z38: 1800 | AA38: =Z38-Z37 -> 50 | AB38: 90
X39: 95.5 | Y39: =X39-X38 -> 3.5 | Z39: 1850 | AA39: =Z39-Z38 -> 50 | AB39: 92.5
X40: 98.5 | Y40: =X40-X39 -> 3 | Z40: 1900 | AA40: =Z40-Z39 -> 50 | AB40: 95
X41: 101.5 | Y41: =X41-X40 -> 3 | Z41: 1950 | AA41: =Z41-Z40 -> 50 | AB41: 97.5
X42: 106 | Y42: =X42-X41 -> 4.5 | Z42: 2000 | AA42: =Z42-Z41 -> 50 | AB42: 100
X43: 111.3 | Y43: =X43-X42 -> 5.3 | Z43: 2050 | AA43: =Z43-Z42 -> 50 | AB43: 102.5
X44: 118 | Y44: =X44-X43 -> 6.7 | Z44: 2100 | AA44: =Z44-Z43 -> 50 | AB44: 105

Sheet Ώρες
D1: =ΣΤΟΙΧΕΙΑ!C15 -> Μετρητές & Ώρες: | J1: =ΣΤΟΙΧΕΙΑ!C12 -> Διευθύνση 123
A2: ΕΝΔΕΙΞΕΙΣ ΜΕΤΡΗΤΩΝ ΑΥΤΟΝΟΜΗΣ ΘΕΡΜΑΝΣΗΣ ΑΝΑΚΕΦΑΛΑΙΩΤΙΚΑ
A3: Α/Α | B3: Διαμέρισμα | C3: Μετρητής | D3: =INDIRECT(ADDRESS(A4,6,3,,"ΣΤΟΙΧΕΙΑ"))+27 -> 40875 | E3: =INDIRECT(ADDRESS(B4,6,3,,"ΣΤΟΙΧΕΙΑ"))+27 -> 40905 | F3: =INDIRECT(ADDRESS(C4,6,3,,"ΣΤΟΙΧΕΙΑ"))+27 -> 40936 | G3: =INDIRECT(ADDRESS(D4,6,3,,"ΣΤΟΙΧΕΙΑ"))+27 -> 40967 | H3: =INDIRECT(ADDRESS(E4,6,3,,"ΣΤΟΙΧΕΙΑ"))+27 -> 40996 | I3: =INDIRECT(ADDRESS(F4,6,3,,"ΣΤΟΙΧΕΙΑ"))+27 -> 41027 | J3: =INDIRECT(ADDRESS(G4,6,3,,"ΣΤΟΙΧΕΙΑ"))+27 -> 41057 | K3: =INDIRECT(ADDRESS(H4,6,3,,"ΣΤΟΙΧΕΙΑ"))+27 -> 41088 | ... P3: =INDIRECT(ADDRESS(M4,6,3,,"ΣΤΟΙΧΕΙΑ"))+27 -> 41241
A4: 1 | B4: =A4+1 -> 2 | C4: =B4+1 -> 3 | D4: =C4+1 -> 4 | E4: =D4+1 -> 5 | F4: =E4+1 -> 6 | G4: =F4+1 -> 7 | H4: =G4+1 -> 8 | I4: =H4+1 -> 9 | ... P4: =O4+1 -> 16
A5: =IF(B5="","",1) -> 1 | B5: =IF(Διαμερίσματα!B6="","",Διαμερίσματα!B6) -> Κ1 | D5: 0 | E5: 0 | F5: 0
A6: =IF(B6="","",A5+1) -> 2 | B6: =IF(Διαμερίσματα!B7="","",Διαμερίσματα!B7) -> Κ2 | D6: 1520 | E6: 1520 | F6: 1520
A7: =IF(B7="","",A6+1) -> 3 | B7: =IF(Διαμερίσματα!B8="","",Διαμερίσματα!B8) -> Κ3 | D7: 1584 | E7: 1683 | F7: 1684
A8: =IF(B8="","",A7+1) -> 4 | B8: =IF(Διαμερίσματα!B9="","",Διαμερίσματα!B9) -> Α1 | D8: 1318 | E8: 1374 | F8: 1374
A9: =IF(B9="","",A8+1) -> 5 | B9: =IF(Διαμερίσματα!B10="","",Διαμερίσματα!B10) -> Α2 | D9: 1706 | E9: 1773 | F9: 1773
A10: =IF(B10="","",A9+1) -> 6 | B10: =IF(Διαμερίσματα!B11="","",Διαμερίσματα!B11) -> Α3 | D10: 0 | E10: 0 | F10: 0
A11: =IF(B11="","",A10+1) -> 7 | B11: =IF(Διαμερίσματα!B12="","",Διαμερίσματα!B12) -> Α4 | D11: 0 | E11: 0 | F11: 0
A12: =IF(B12="","",A11+1) -> 8 | B12: =IF(Διαμερίσματα!B13="","",Διαμερίσματα!B13) -> Β1 | D12: 152 | E12: 173 | F12: 173
A13: =IF(B13="","",A12+1) -> 9 | B13: =IF(Διαμερίσματα!B14="","",Διαμερίσματα!B14) -> Β2 | D13: 380 | E13: 392 | F13: 392
A14: =IF(B14="","",A13+1) -> 10 | B14: =IF(Διαμερίσματα!B15="","",Διαμερίσματα!B15) -> Β3 | D14: 682 | E14: 742 | F14: 742
A15: =IF(B15="","",A14+1) -> 11 | B15: =IF(Διαμερίσματα!B16="","",Διαμερίσματα!B16) -> Β4 | D15: 1528 | E15: 1600 | F15: 1600
A16: =IF(B16="","",A15+1) -> 12 | B16: =IF(Διαμερίσματα!B17="","",Διαμερίσματα!B17) -> Γ1 | D16: 0 | E16: 0 | F16: 0
A17: =IF(B17="","",A16+1) -> 13 | B17: =IF(Διαμερίσματα!B18="","",Διαμερίσματα!B18) -> Γ2 | D17: 0 | E17: 0 | F17: 0
... A26: =IF(B26="","",A25+1) -> 22 | B26: =IF(Διαμερίσματα!B27="","",Διαμερίσματα!B27) -> Ε3 | D26: 0 | E26: 0 | F26: 0
A28: ΩΡΕΣ ΛΕΙΤΟΥΡΓΙΑΣ ΑΝΑ ΔΙΑΜΕΡΙΣΜΑ & ΜΗΝΑ
A29: =A3 -> Α/Α | B29: =B3 -> Διαμέρισμα | C29: =C3 -> Μετρητής | D29: =INDIRECT(ADDRESS(A4,6,3,,"ΣΤΟΙΧΕΙΑ")) -> 40848 | E29: =INDIRECT(ADDRESS(B4,6,3,,"ΣΤΟΙΧΕΙΑ")) -> 40878 | F29: =INDIRECT(ADDRESS(C4,6,3,,"ΣΤΟΙΧΕΙΑ")) -> 40909 | G29: =INDIRECT(ADDRESS(D4,6,3,,"ΣΤΟΙΧΕΙΑ")) -> 40940 | H29: =INDIRECT(ADDRESS(E4,6,3,,"ΣΤΟΙΧΕΙΑ")) -> 40969 | I29: =INDIRECT(ADDRESS(F4,6,3,,"ΣΤΟΙΧΕΙΑ")) -> 41000 | J29: =INDIRECT(ADDRESS(G4,6,3,,"ΣΤΟΙΧΕΙΑ")) -> 41030 | K29: =INDIRECT(ADDRESS(H4,6,3,,"ΣΤΟΙΧΕΙΑ")) -> 41061 | ... P29: =INDIRECT(ADDRESS(M4,6,3,,"ΣΤΟΙΧΕΙΑ")) -> 41214
A30: =A4 -> 1 | B30: =B4 -> 2 | C30: =C4 -> 3 | D30: =D4 -> 4 | E30: =E4 -> 5 | F30: =F4 -> 6 | G30: =G4 -> 7 | H30: =H4 -> 8 | ... P30: =P4 -> 16
A31: =IF(B31="","",1) -> 1 | B31: =IF(Διαμερίσματα!B6="","",Διαμερίσματα!B6) -> Κ1 | C31: =IF(C5="","",C5) | D31: =IF(D5="","",IF(D5<0,"",D5)) -> 0 | E31: =IF(E5="","",IF(E5-D5<0,"",E5-D5)) -> 0 | F31: =IF(F5="","",IF(F5-E5<0,"",F5-E5)) -> 0 | G31: =IF(G5="","",IF(G5-F5<0,"",G5-F5)) | H31: =IF(H5="","",IF(H5-G5<0,"",H5-G5)) | I31: =IF(I5="","",IF(I5-H5<0,"",I5-H5)) | J31: =IF(J5="","",IF(J5-I5<0,"",J5-I5)) | K31: =IF(K5="","",IF(K5-J5<0,"",K5-J5)) | L31: =IF(L5="","",IF(L5-K5<0,"",L5-K5)) | ... P31: =IF(P5="","",IF(P5-O5<0,"",P5-O5))
A32: =IF(B32="","",A31+1) -> 2 | B32: =IF(Διαμερίσματα!B7="","",Διαμερίσματα!B7) -> Κ2 | C32: =IF(C6="","",C6) | D32: =IF(D6="","",IF(D6<0,"",D6)) -> 1520 | E32: =IF(E6="","",IF(E6-D6<0,"",E6-D6)) -> 0 | F32: =IF(F6="","",IF(F6-E6<0,"",F6-E6)) -> 0 | G32: =IF(G6="","",IF(G6-F6<0,"",G6-F6)) | H32: =IF(H6="","",IF(H6-G6<0,"",H6-G6)) | I32: =IF(I6="","",IF(I6-H6<0,"",I6-H6)) | J32: =IF(J6="","",IF(J6-I6<0,"",J6-I6)) | K32: =IF(K6="","",IF(K6-J6<0,"",K6-J6)) | L32: =IF(L6="","",IF(L6-K6<0,"",L6-K6)) | ... P32: =IF(P6="","",IF(P6-O6<0,"",P6-O6))
A33: =IF(B33="","",A32+1) -> 3 | B33: =IF(Διαμερίσματα!B8="","",Διαμερίσματα!B8) -> Κ3 | C33: =IF(C7="","",C7) | D33: =IF(D7="","",IF(D7<0,"",D7)) -> 1584 | E33: =IF(E7="","",IF(E7-D7<0,"",E7-D7)) -> 99 | F33: =IF(F7="","",IF(F7-E7<0,"",F7-E7)) -> 1 | G33: =IF(G7="","",IF(G7-F7<0,"",G7-F7)) | H33: =IF(H7="","",IF(H7-G7<0,"",H7-G7)) | I33: =IF(I7="","",IF(I7-H7<0,"",I7-H7)) | J33: =IF(J7="","",IF(J7-I7<0,"",J7-I7)) | K33: =IF(K7="","",IF(K7-J7<0,"",K7-J7)) | L33: =IF(L7="","",IF(L7-K7<0,"",L7-K7)) | ... P33: =IF(P7="","",IF(P7-O7<0,"",P7-O7))
A34: =IF(B34="","",A33+1) -> 4 | B34: =IF(Διαμερίσματα!B9="","",Διαμερίσματα!B9) -> Α1 | C34: =IF(C8="","",C8) | D34: =IF(D8="","",IF(D8<0,"",D8)) -> 1318 | E34: =IF(E8="","",IF(E8-D8<0,"",E8-D8)) -> 56 | F34: =IF(F8="","",IF(F8-E8<0,"",F8-E8)) -> 0 | G34: =IF(G8="","",IF(G8-F8<0,"",G8-F8)) | H34: =IF(H8="","",IF(H8-G8<0,"",H8-G8)) | I34: =IF(I8="","",IF(I8-H8<0,"",I8-H8)) | J34: =IF(J8="","",IF(J8-I8<0,"",J8-I8)) | K34: =IF(K8="","",IF(K8-J8<0,"",K8-J8)) | L34: =IF(L8="","",IF(L8-K8<0,"",L8-K8)) | ... P34: =IF(P8="","",IF(P8-O8<0,"",P8-O8))
A35: =IF(B35="","",A34+1) -> 5 | B35: =IF(Διαμερίσματα!B10="","",Διαμερίσματα!B10) -> Α2 | C35: =IF(C9="","",C9) | D35: =IF(D9="","",IF(D9<0,"",D9)) -> 1706 | E35: =IF(E9="","",IF(E9-D9<0,"",E9-D9)) -> 67 | F35: =IF(F9="","",IF(F9-E9<0,"",F9-E9)) -> 0 | G35: =IF(G9="","",IF(G9-F9<0,"",G9-F9)) | H35: =IF(H9="","",IF(H9-G9<0,"",H9-G9)) | I35: =IF(I9="","",IF(I9-H9<0,"",I9-H9)) | J35: =IF(J9="","",IF(J9-I9<0,"",J9-I9)) | K35: =IF(K9="","",IF(K9-J9<0,"",K9-J9)) | L35: =IF(L9="","",IF(L9-K9<0,"",L9-K9)) | ... P35: =IF(P9="","",IF(P9-O9<0,"",P9-O9))
A36: =IF(B36="","",A35+1) -> 6 | B36: =IF(Διαμερίσματα!B11="","",Διαμερίσματα!B11) -> Α3 | C36: =IF(C10="","",C10) | D36: =IF(D10="","",IF(D10<0,"",D10)) -> 0 | E36: =IF(E10="","",IF(E10-D10<0,"",E10-D10)) -> 0 | F36: =IF(F10="","",IF(F10-E10<0,"",F10-E10)) -> 0 | G36: =IF(G10="","",IF(G10-F10<0,"",G10-F10)) | H36: =IF(H10="","",IF(H10-G10<0,"",H10-G10)) | I36: =IF(I10="","",IF(I10-H10<0,"",I10-H10)) | J36: =IF(J10="","",IF(J10-I10<0,"",J10-I10)) | K36: =IF(K10="","",IF(K10-J10<0,"",K10-J10)) | L36: =IF(L10="","",IF(L10-K10<0,"",L10-K10)) | ... P36: =IF(P10="","",IF(P10-O10<0,"",P10-O10))
A37: =IF(B37="","",A36+1) -> 7 | B37: =IF(Διαμερίσματα!B12="","",Διαμερίσματα!B12) -> Α4 | C37: =IF(C11="","",C11) | D37: =IF(D11="","",IF(D11<0,"",D11)) -> 0 | E37: =IF(E11="","",IF(E11-D11<0,"",E11-D11)) -> 0 | F37: =IF(F11="","",IF(F11-E11<0,"",F11-E11)) -> 0 | G37: =IF(G11="","",IF(G11-F11<0,"",G11-F11)) | H37: =IF(H11="","",IF(H11-G11<0,"",H11-G11)) | I37: =IF(I11="","",IF(I11-H11<0,"",I11-H11)) | J37: =IF(J11="","",IF(J11-I11<0,"",J11-I11)) | K37: =IF(K11="","",IF(K11-J11<0,"",K11-J11)) | L37: =IF(L11="","",IF(L11-K11<0,"",L11-K11)) | ... P37: =IF(P11="","",IF(P11-O11<0,"",P11-O11))
A38: =IF(B38="","",A37+1) -> 8 | B38: =IF(Διαμερίσματα!B13="","",Διαμερίσματα!B13) -> Β1 | C38: =IF(C12="","",C12) | D38: =IF(D12="","",IF(D12<0,"",D12)) -> 152 | E38: =IF(E12="","",IF(E12-D12<0,"",E12-D12)) -> 21 | F38: =IF(F12="","",IF(F12-E12<0,"",F12-E12)) -> 0 | G38: =IF(G12="","",IF(G12-F12<0,"",G12-F12)) | H38: =IF(H12="","",IF(H12-G12<0,"",H12-G12)) | I38: =IF(I12="","",IF(I12-H12<0,"",I12-H12)) | J38: =IF(J12="","",IF(J12-I12<0,"",J12-I12)) | K38: =IF(K12="","",IF(K12-J12<0,"",K12-J12)) | L38: =IF(L12="","",IF(L12-K12<0,"",L12-K12)) | ... P38: =IF(P12="","",IF(P12-O12<0,"",P12-O12))
A39: =IF(B39="","",A38+1) -> 9 | B39: =IF(Διαμερίσματα!B14="","",Διαμερίσματα!B14) -> Β2 | C39: =IF(C13="","",C13) | D39: =IF(D13="","",IF(D13<0,"",D13)) -> 380 | E39: =IF(E13="","",IF(E13-D13<0,"",E13-D13)) -> 12 | F39: =IF(F13="","",IF(F13-E13<0,"",F13-E13)) -> 0 | G39: =IF(G13="","",IF(G13-F13<0,"",G13-F13)) | H39: =IF(H13="","",IF(H13-G13<0,"",H13-G13)) | I39: =IF(I13="","",IF(I13-H13<0,"",I13-H13)) | J39: =IF(J13="","",IF(J13-I13<0,"",J13-I13)) | K39: =IF(K13="","",IF(K13-J13<0,"",K13-J13)) | L39: =IF(L13="","",IF(L13-K13<0,"",L13-K13)) | ... P39: =IF(P13="","",IF(P13-O13<0,"",P13-O13))
A40: =IF(B40="","",A39+1) -> 10 | B40: =IF(Διαμερίσματα!B15="","",Διαμερίσματα!B15) -> Β3 | C40: =IF(C14="","",C14) | D40: =IF(D14="","",IF(D14<0,"",D14)) -> 682 | E40: =IF(E14="","",IF(E14-D14<0,"",E14-D14)) -> 60 | F40: =IF(F14="","",IF(F14-E14<0,"",F14-E14)) -> 0 | G40: =IF(G14="","",IF(G14-F14<0,"",G14-F14)) | H40: =IF(H14="","",IF(H14-G14<0,"",H14-G14)) | I40: =IF(I14="","",IF(I14-H14<0,"",I14-H14)) | J40: =IF(J14="","",IF(J14-I14<0,"",J14-I14)) | K40: =IF(K14="","",IF(K14-J14<0,"",K14-J14)) | L40: =IF(L14="","",IF(L14-K14<0,"",L14-K14)) | ... P40: =IF(P14="","",IF(P14-O14<0,"",P14-O14))
A41: =IF(B41="","",A40+1) -> 11 | B41: =IF(Διαμερίσματα!B16="","",Διαμερίσματα!B16) -> Β4 | C41: =IF(C15="","",C15) | D41: =IF(D15="","",IF(D15<0,"",D15)) -> 1528 | E41: =IF(E15="","",IF(E15-D15<0,"",E15-D15)) -> 72 | F41: =IF(F15="","",IF(F15-E15<0,"",F15-E15)) -> 0 | G41: =IF(G15="","",IF(G15-F15<0,"",G15-F15)) | H41: =IF(H15="","",IF(H15-G15<0,"",H15-G15)) | I41: =IF(I15="","",IF(I15-H15<0,"",I15-H15)) | J41: =IF(J15="","",IF(J15-I15<0,"",J15-I15)) | K41: =IF(K15="","",IF(K15-J15<0,"",K15-J15)) | L41: =IF(L15="","",IF(L15-K15<0,"",L15-K15)) | ... P41: =IF(P15="","",IF(P15-O15<0,"",P15-O15))
A42: =IF(B42="","",A41+1) -> 12 | B42: =IF(Διαμερίσματα!B17="","",Διαμερίσματα!B17) -> Γ1 | C42: =IF(C16="","",C16) | D42: =IF(D16="","",IF(D16<0,"",D16)) -> 0 | E42: =IF(E16="","",IF(E16-D16<0,"",E16-D16)) -> 0 | F42: =IF(F16="","",IF(F16-E16<0,"",F16-E16)) -> 0 | G42: =IF(G16="","",IF(G16-F16<0,"",G16-F16)) | H42: =IF(H16="","",IF(H16-G16<0,"",H16-G16)) | I42: =IF(I16="","",IF(I16-H16<0,"",I16-H16)) | J42: =IF(J16="","",IF(J16-I16<0,"",J16-I16)) | K42: =IF(K16="","",IF(K16-J16<0,"",K16-J16)) | L42: =IF(L16="","",IF(L16-K16<0,"",L16-K16)) | ... P42: =IF(P16="","",IF(P16-O16<0,"",P16-O16))
A43: =IF(B43="","",A42+1) -> 13 | B43: =IF(Διαμερίσματα!B18="","",Διαμερίσματα!B18) -> Γ2 | C43: =IF(C17="","",C17) | D43: =IF(D17="","",IF(D17<0,"",D17)) -> 0 | E43: =IF(E17="","",IF(E17-D17<0,"",E17-D17)) -> 0 | F43: =IF(F17="","",IF(F17-E17<0,"",F17-E17)) -> 0 | G43: =IF(G17="","",IF(G17-F17<0,"",G17-F17)) | H43: =IF(H17="","",IF(H17-G17<0,"",H17-G17)) | I43: =IF(I17="","",IF(I17-H17<0,"",I17-H17)) | J43: =IF(J17="","",IF(J17-I17<0,"",J17-I17)) | K43: =IF(K17="","",IF(K17-J17<0,"",K17-J17)) | L43: =IF(L17="","",IF(L17-K17<0,"",L17-K17)) | ... P43: =IF(P17="","",IF(P17-O17<0,"",P17-O17))
... A52: =IF(B52="","",A51+1) -> 22 | B52: =IF(Διαμερίσματα!B27="","",Διαμερίσματα!B27) -> Ε3 | C52: =IF(C26="","",C26) | D52: =IF(D26="","",IF(D26<0,"",D26)) -> 0 | E52: =IF(E26="","",IF(E26-D26<0,"",E26-D26)) -> 0 | F52: =IF(F26="","",IF(F26-E26<0,"",F26-E26)) -> 0 | G52: =IF(G26="","",IF(G26-F26<0,"",G26-F26)) | H52: =IF(H26="","",IF(H26-G26<0,"",H26-G26)) | I52: =IF(I26="","",IF(I26-H26<0,"",I26-H26)) | J52: =IF(J26="","",IF(J26-I26<0,"",J26-I26)) | K52: =IF(K26="","",IF(K26-J26<0,"",K26-J26)) | L52: =IF(L26="","",IF(L26-K26<0,"",L26-K26)) | ... P52: =IF(P26="","",IF(P26-O26<0,"",P26-O26))
D53: =IF(SUM(D31:D52)=0,"",SUM(D31:D52)) -> 8870 | E53: =IF(SUM(E31:E52)=0,"",SUM(E31:E52)) -> 387 | F53: =IF(SUM(F31:F52)=0,"",SUM(F31:F52)) -> 1 | G53: =IF(SUM(G31:G52)=0,"",SUM(G31:G52)) | H53: =IF(SUM(H31:H52)=0,"",SUM(H31:H52)) | I53: =IF(SUM(I31:I52)=0,"",SUM(I31:I52)) | J53: =IF(SUM(J31:J52)=0,"",SUM(J31:J52)) | K53: =IF(SUM(K31:K52)=0,"",SUM(K31:K52)) | ... P53: =IF(SUM(P31:P52)=0,"",SUM(P31:P52))
A54: Επιστροφή στην ΠΛΟΗΓΗΣΗ

Sheet ΣΤΟΙΧΕΙΑ
A1: Α/Α | B1: Στοιχείο | C1: Μεταβλητή Κοινοχρήστων | D1: Έτος | F1: =DATE(D3,D6,1) -> 40848 | G1: =F1 -> 40848 | H1: =F1 -> 40848
A2: 1 | B2: Είδος Κτιρίου | C2: Πολυκατοικία : | D2: Εκκίνησης | F2: =EDATE(F1,1) -> 40878 | G2: =F2 -> 40878 | H2: =F2 -> 40878
A3: =A2+1 -> 2 | B3: Είδος Εκτύπωσης | C3: Κ Ο Ι Ν Ο Χ Ρ Η Σ Τ Α : | D3: 2011 | F3: =EDATE(F2,1) -> 40909 | G3: =F3 -> 40909 | H3: =F3 -> 40909
A4: =A3+1 -> 3 | C4: Δ Ι Α Μ Ε Ρ Ι Σ Μ Α Τ Α : | D4: Μήνας | F4: =EDATE(F3,1) -> 40940 | G4: =F4 -> 40940 | H4: =F4 -> 40940
A5: =A4+1 -> 4 | C5: Δ Α Π Α Ν Ε Σ : | D5: Εκκίνησης | F5: =EDATE(F4,1) -> 40969 | G5: =F5 -> 40969 | H5: =F5 -> 40969
A6: =A5+1 -> 5 | C6: ΑΥΤΟΝΟΜΗ ΘΕΡΜΑΝΣΗ: | D6: 11 | F6: =EDATE(F5,1) -> 41000 | G6: =F6 -> 41000 | H6: =F6 -> 41000
A7: =A6+1 -> 6 | B7: Επεξεργασία | C7: Επεξεργασία: Φ.Τσιρίδης, 6977-66.66.99 | D7: 1 | E7: 2010 | F7: =EDATE(F6,1) -> 41030 | G7: =F7 -> 41030 | H7: =F7 -> 41030
A8: =A7+1 -> 7 | B8: Διαχειριστής | C8: Διαχειριστής: Φ.Διαχειριστίδης, 697-1234567 | D8: =D7+1 -> 2 | E8: =E7+1 -> 2011 | F8: =EDATE(F7,1) -> 41061 | G8: =F8 -> 41061 | H8: =F8 -> 41061
A9: =A8+1 -> 8 | B9: Έτος | C9: =VLOOKUP(C11,F1:H21,3) -> 40878 | D9: =D8+1 -> 3 | E9: =E8+1 -> 2012 | F9: =EDATE(F8,1) -> 41091 | G9: =F9 -> 41091 | H9: =F9 -> 41091
A10: =A9+1 -> 9 | B10: Μήνας | C10: =VLOOKUP(C11,F1:G21,2) -> 40878 | D10: =D9+1 -> 4 | E10: =E9+1 -> 2013 | F10: =EDATE(F9,1) -> 41122 | G10: =F10 -> 41122 | H10: =F10 -> 41122
A11: =A10+1 -> 10 | B11: Κοινόχρηστα | C11: 40878 | D11: =D10+1 -> 5 | E11: =E10+1 -> 2014 | F11: =EDATE(F10,1) -> 41153 | G11: =F11 -> 41153 | H11: =F11 -> 41153
A12: =A11+1 -> 11 | B12: Διεύθυνση | C12: Διευθύνση 123 | D12: =D11+1 -> 6 | E12: =E11+1 -> 2015 | F12: =EDATE(F11,1) -> 41183 | G12: =F12 -> 41183 | H12: =F12 -> 41183
A13: =A12+1 -> 12 | B13: Θέση | C13: Νεάπολη - ΑΤΤΙΚΗΣ. | D13: =D12+1 -> 7 | E13: =E12+1 -> 2016 | F13: =EDATE(F12,1) -> 41214 | G13: =F13 -> 41214 | H13: =F13 -> 41214
A14: =A13+1 -> 13 | B14: Εταιρεία Πετρελαίου | C14: Βενζινάς | D14: =D13+1 -> 8 | E14: =E13+1 -> 2017 | F14: =EDATE(F13,1) -> 41244 | G14: =F14 -> 41244 | H14: =F14 -> 41244
A15: =A14+1 -> 14 | B15: Ώρες | C15: Μετρητές & Ώρες: | D15: =D14+1 -> 9 | E15: =E14+1 -> 2018 | F15: =EDATE(F14,1) -> 41275 | G15: =F15 -> 41275 | H15: =F15 -> 41275
A16: =A15+1 -> 15 | B16: Μελέτη | C16: Μηχανολογική Μελέτη : | D16: =D15+1 -> 10 | E16: =E15+1 -> 2019 | F16: =EDATE(F15,1) -> 41306 | G16: =F16 -> 41306 | H16: =F16 -> 41306
D17: =D16+1 -> 11 | E17: =E16+1 -> 2020 | F17: =EDATE(F16,1) -> 41334 | G17: =F17 -> 41334 | H17: =F17 -> 41334
A18: Επιστροφή στην ΠΛΟΗΓΗΣΗ | D18: =D17+1 -> 12 | E18: =E17+1 -> 2021 | F18: =EDATE(F17,1) -> 41365 | G18: =F18 -> 41365 | H18: =F18 -> 41365
F19: =EDATE(F18,1) -> 41395 | G19: =F19 -> 41395 | H19: =F19 -> 41395
F20: =EDATE(F19,1) -> 41426 | G20: =F20 -> 41426 | H20: =F20 -> 41426
F21: =EDATE(F20,1) -> 41456 | G21: =F21 -> 41456 | H21: =F21 -> 41456
A23: Α/Α | B23: Κωδικός | C23: Αιτιολογία Δαπάνης | D23: =$F1 -> 40848 | E23: =$F2 -> 40878 | F23: =$F3 -> 40909 | G23: =$F4 -> 40940 | H23: =$F5 -> 40969 | I23: =$F6 -> 41000 | J23: =$F7 -> 41030 | K23: =$F8 -> 41061 | L23: =$F9 -> 41091 | M23: =$F10 -> 41122 | N23: =$F11 -> 41153 | O23: =$F12 -> 41183 | P23: =$F13 -> 41214
A24: 1 | B24: =A24+1 -> 2 | C24: =B24+1 -> 3 | D24: =C24+1 -> 4 | E24: =D24+1 -> 5 | F24: =E24+1 -> 6 | G24: =F24+1 -> 7 | H24: =G24+1 -> 8 | I24: =H24+1 -> 9 | ... P24: =O24+1 -> 16
A25: =IF(B25="","",1) -> 1 | B25: =Δαπάνες!B9 -> Α1 | C25: =Δαπάνες!D9 -> ΔΕΗ Κοινόχρηστων Χώρων | E25: 100
A26: =IF(B26="","",A25+1) -> 2 | B26: =Δαπάνες!B10 -> Α2 | C26: =Δαπάνες!D10 -> Καθαρισμός Κοινόχρηστων Χώρων | E26: 70
A27: =IF(B27="","",A26+1) -> 3 | B27: =Δαπάνες!B11 -> Α3 | C27: =Δαπάνες!D11 -> Υλικά Αναλώσιμα (Λάμπες κλπ) | E27: 10
A28: =IF(B28="","",A27+1) -> 4 | B28: =Δαπάνες!B12 -> Β1 | C28: =Δαπάνες!D12 -> Συντήρηση Ανελκυστήρα | E28: 50
A29: =IF(B29="","",A28+1) -> 5 | B29: =Δαπάνες!B13 -> Γ1 | C29: =Δαπάνες!D13 -> Συντήρηση Κήπου | E29: 60
A30: =IF(B30="","",A29+1) -> 6 | B30: =Δαπάνες!B14 -> Γ2 | C30: =Δαπάνες!D14 -> ΕΥΔΑΠ (Νερό) Κοινόχρηστων Χώρων | E30: 20
A31: =IF(B31="","",A30+1) -> 7 | B31: =Δαπάνες!B15 -> Δ1 | C31: =Δαπάνες!D15 -> Πετρέλαιο Αυτόνομης Θέρμανσης | D31: =IFERROR(VLOOKUP(D23,Πετρέλαιο!$B$13:$V$33,21,FALSE),0) -> 0 | E31: =IFERROR(VLOOKUP(E23,Πετρέλαιο!$B$13:$V$33,21,FALSE),0) -> 700 | F31: =IFERROR(VLOOKUP(F23,Πετρέλαιο!$B$13:$V$33,21,FALSE),0) -> 390 | G31: =IFERROR(VLOOKUP(G23,Πετρέλαιο!$B$13:$V$33,21,FALSE),0) -> 0 | H31: =IFERROR(VLOOKUP(H23,Πετρέλαιο!$B$13:$V$33,21,FALSE),0) -> 0 | I31: =IFERROR(VLOOKUP(I23,Πετρέλαιο!$B$13:$V$33,21,FALSE),0) -> 0 | J31: =IFERROR(VLOOKUP(J23,Πετρέλαιο!$B$13:$V$33,21,FALSE),0) -> 0 | K31: =IFERROR(VLOOKUP(K23,Πετρέλαιο!$B$13:$V$33,21,FALSE),0) -> 0 | ... P31: =IFERROR(VLOOKUP(P23,Πετρέλαιο!$B$13:$V$33,21,FALSE),0) -> 0
A32: =IF(B32="","",A31+1) -> 8 | B32: =Δαπάνες!B16 -> Δ2 | C32: =Δαπάνες!D16 -> Συντήρηση Καυστήρα | E32: 70
A33: =IF(B33="","",A32+1) -> 9 | B33: =Δαπάνες!B17 -> Ε1 | C33: =Δαπάνες!D17 -> Συντήρηση Πολυκατοικίας | E33: 100
A34: =IF(B34="","",A33+1) -> 10 | B34: =Δαπάνες!B18 -> Ζ1 | C34: =Δαπάνες!D18 -> Πάγιο Αποθεματικό | E34: 200
A35: =IF(B35="","",A34+1) -> 11 | B35: =Δαπάνες!B19 -> Η1 | C35: =Δαπάνες!D19 -> Αμοιβή Διαχειριστή | E35: 80
A36: =IF(B36="","",A35+1) -> 12 | B36: =Δαπάνες!B20 -> Η2 | C36: =Δαπάνες!D20 -> Έκδοση Κοινοχρήστων | E36: 20
A37: Σ Υ Ν Ο Λ Α | D37: =SUM(D25:D36) -> 0 | E37: =SUM(E25:E36) -> 1480 | F37: =SUM(F25:F36) -> 390 | G37: =SUM(G25:G36) -> 0 | H37: =SUM(H25:H36) -> 0 | I37: =SUM(I25:I36) -> 0 | J37: =SUM(J25:J36) -> 0 | K37: =SUM(K25:K36) -> 0 | ... P37: =SUM(P25:P36) -> 0
A39: Α/Α | B39: =B23 -> Κωδικός | C39: Ένοικος | D39: =D23 -> 40848 | E39: =E23 -> 40878 | F39: =F23 -> 40909 | G39: =G23 -> 40940 | H39: =H23 -> 40969 | I39: =I23 -> 41000 | J39: =J23 -> 41030 | K39: =K23 -> 41061 | ... P39: =P23 -> 41214
A40: =A24 -> 1 | B40: =B24 -> 2 | C40: =C24 -> 3 | D40: =D24 -> 4 | E40: =E24 -> 5 | F40: =F24 -> 6 | G40: =G24 -> 7 | H40: =H24 -> 8 | ... P40: =P24 -> 16
A41: =IF(B41="","",1) -> 1 | B41: =IF(Διαμερίσματα!B6="","",Διαμερίσματα!B6) -> Κ1 | C41: =IF(Διαμερίσματα!I6="","",Διαμερίσματα!I6) -> Ιδιοκτήτης-1 | D41: =IF(D$39=$C$11,Διαμερίσματα!$AB6,"") | E41: =IF(E$39=$C$11,Διαμερίσματα!$AB6,"") -> 44.314208 | F41: =IF(F$39=$C$11,Διαμερίσματα!$AB6,"") | G41: =IF(G$39=$C$11,Διαμερίσματα!$AB6,"") | H41: =IF(H$39=$C$11,Διαμερίσματα!$AB6,"") | I41: =IF(I$39=$C$11,Διαμερίσματα!$AB6,"") | J41: =IF(J$39=$C$11,Διαμερίσματα!$AB6,"") | K41: =IF(K$39=$C$11,Διαμερίσματα!$AB6,"") | ... P41: =IF(P$39=$C$11,Διαμερίσματα!$AB6,"")
A42: =IF(B42="","",A41+1) -> 2 | B42: =IF(Διαμερίσματα!B7="","",Διαμερίσματα!B7) -> Κ2 | C42: =IF(Διαμερίσματα!I7="","",Διαμερίσματα!I7) -> Ιδιοκτήτης-2 | D42: =IF(D$39=$C$11,Διαμερίσματα!$AB7,"") | E42: =IF(E$39=$C$11,Διαμερίσματα!$AB7,"") -> 49.190348 | F42: =IF(F$39=$C$11,Διαμερίσματα!$AB7,"") | G42: =IF(G$39=$C$11,Διαμερίσματα!$AB7,"") | H42: =IF(H$39=$C$11,Διαμερίσματα!$AB7,"") | I42: =IF(I$39=$C$11,Διαμερίσματα!$AB7,"") | J42: =IF(J$39=$C$11,Διαμερίσματα!$AB7,"") | K42: =IF(K$39=$C$11,Διαμερίσματα!$AB7,"") | ... P42: =IF(P$39=$C$11,Διαμερίσματα!$AB7,"")
A43: =IF(B43="","",A42+1) -> 3 | B43: =IF(Διαμερίσματα!B8="","",Διαμερίσματα!B8) -> Κ3 | C43: =IF(Διαμερίσματα!I8="","",Διαμερίσματα!I8) -> Ιδιοκτήτης-3 | D43: =IF(D$39=$C$11,Διαμερίσματα!$AB8,"") | E43: =IF(E$39=$C$11,Διαμερίσματα!$AB8,"") -> 225.03995 | F43: =IF(F$39=$C$11,Διαμερίσματα!$AB8,"") | G43: =IF(G$39=$C$11,Διαμερίσματα!$AB8,"") | H43: =IF(H$39=$C$11,Διαμερίσματα!$AB8,"") | I43: =IF(I$39=$C$11,Διαμερίσματα!$AB8,"") | J43: =IF(J$39=$C$11,Διαμερίσματα!$AB8,"") | K43: =IF(K$39=$C$11,Διαμερίσματα!$AB8,"") | ... P43: =IF(P$39=$C$11,Διαμερίσματα!$AB8,"")
A44: =IF(B44="","",A43+1) -> 4 | B44: =IF(Διαμερίσματα!B9="","",Διαμερίσματα!B9) -> Α1 | C44: =IF(Διαμερίσματα!I9="","",Διαμερίσματα!I9) -> Ιδιοκτήτης-4 | D44: =IF(D$39=$C$11,Διαμερίσματα!$AB9,"") | E44: =IF(E$39=$C$11,Διαμερίσματα!$AB9,"") -> 178.03119 | F44: =IF(F$39=$C$11,Διαμερίσματα!$AB9,"") | G44: =IF(G$39=$C$11,Διαμερίσματα!$AB9,"") | H44: =IF(H$39=$C$11,Διαμερίσματα!$AB9,"") | I44: =IF(I$39=$C$11,Διαμερίσματα!$AB9,"") | J44: =IF(J$39=$C$11,Διαμερίσματα!$AB9,"") | K44: =IF(K$39=$C$11,Διαμερίσματα!$AB9,"") | ... P44: =IF(P$39=$C$11,Διαμερίσματα!$AB9,"")
A45: =IF(B45="","",A44+1) -> 5 | B45: =IF(Διαμερίσματα!B10="","",Διαμερίσματα!B10) -> Α2 | C45: =IF(Διαμερίσματα!I10="","",Διαμερίσματα!I10) -> Ιδιοκτήτης-5 | D45: =IF(D$39=$C$11,Διαμερίσματα!$AB10,"") | E45: =IF(E$39=$C$11,Διαμερίσματα!$AB10,"") -> 164.47441 | F45: =IF(F$39=$C$11,Διαμερίσματα!$AB10,"") | G45: =IF(G$39=$C$11,Διαμερίσματα!$AB10,"") | H45: =IF(H$39=$C$11,Διαμερίσματα!$AB10,"") | I45: =IF(I$39=$C$11,Διαμερίσματα!$AB10,"") | J45: =IF(J$39=$C$11,Διαμερίσματα!$AB10,"") | K45: =IF(K$39=$C$11,Διαμερίσματα!$AB10,"") | ... P45: =IF(P$39=$C$11,Διαμερίσματα!$AB10,"")
A46: =IF(B46="","",A45+1) -> 6 | B46: =IF(Διαμερίσματα!B11="","",Διαμερίσματα!B11) -> Α3 | C46: =IF(Διαμερίσματα!I11="","",Διαμερίσματα!I11) -> Ιδιοκτήτης-6 | D46: =IF(D$39=$C$11,Διαμερίσματα!$AB11,"") | E46: =IF(E$39=$C$11,Διαμερίσματα!$AB11,"") -> 29.674312 | F46: =IF(F$39=$C$11,Διαμερίσματα!$AB11,"") | G46: =IF(G$39=$C$11,Διαμερίσματα!$AB11,"") | H46: =IF(H$39=$C$11,Διαμερίσματα!$AB11,"") | I46: =IF(I$39=$C$11,Διαμερίσματα!$AB11,"") | J46: =IF(J$39=$C$11,Διαμερίσματα!$AB11,"") | K46: =IF(K$39=$C$11,Διαμερίσματα!$AB11,"") | ... P46: =IF(P$39=$C$11,Διαμερίσματα!$AB11,"")
A47: =IF(B47="","",A46+1) -> 7 | B47: =IF(Διαμερίσματα!B12="","",Διαμερίσματα!B12) -> Α4 | C47: =IF(Διαμερίσματα!I12="","",Διαμερίσματα!I12) -> Ιδιοκτήτης-7 | D47: =IF(D$39=$C$11,Διαμερίσματα!$AB12,"") | E47: =IF(E$39=$C$11,Διαμερίσματα!$AB12,"") -> 78.11043 | F47: =IF(F$39=$C$11,Διαμερίσματα!$AB12,"") | G47: =IF(G$39=$C$11,Διαμερίσματα!$AB12,"") | H47: =IF(H$39=$C$11,Διαμερίσματα!$AB12,"") | I47: =IF(I$39=$C$11,Διαμερίσματα!$AB12,"") | J47: =IF(J$39=$C$11,Διαμερίσματα!$AB12,"") | K47: =IF(K$39=$C$11,Διαμερίσματα!$AB12,"") | ... P47: =IF(P$39=$C$11,Διαμερίσματα!$AB12,"")
A48: =IF(B48="","",A47+1) -> 8 | B48: =IF(Διαμερίσματα!B13="","",Διαμερίσματα!B13) -> Β1 | C48: =IF(Διαμερίσματα!I13="","",Διαμερίσματα!I13) -> Ιδιοκτήτης-8 | D48: =IF(D$39=$C$11,Διαμερίσματα!$AB13,"") | E48: =IF(E$39=$C$11,Διαμερίσματα!$AB13,"") -> 77.398602 | F48: =IF(F$39=$C$11,Διαμερίσματα!$AB13,"") | G48: =IF(G$39=$C$11,Διαμερίσματα!$AB13,"") | H48: =IF(H$39=$C$11,Διαμερίσματα!$AB13,"") | I48: =IF(I$39=$C$11,Διαμερίσματα!$AB13,"") | J48: =IF(J$39=$C$11,Διαμερίσματα!$AB13,"") | K48: =IF(K$39=$C$11,Διαμερίσματα!$AB13,"") | ... P48: =IF(P$39=$C$11,Διαμερίσματα!$AB13,"")
A49: =IF(B49="","",A48+1) -> 9 | B49: =IF(Διαμερίσματα!B14="","",Διαμερίσματα!B14) -> Β2 | C49: =IF(Διαμερίσματα!I14="","",Διαμερίσματα!I14) -> Ιδιοκτήτης-9 | D49: =IF(D$39=$C$11,Διαμερίσματα!$AB14,"") | E49: =IF(E$39=$C$11,Διαμερίσματα!$AB14,"") -> 133.28129 | F49: =IF(F$39=$C$11,Διαμερίσματα!$AB14,"") | G49: =IF(G$39=$C$11,Διαμερίσματα!$AB14,"") | H49: =IF(H$39=$C$11,Διαμερίσματα!$AB14,"") | I49: =IF(I$39=$C$11,Διαμερίσματα!$AB14,"") | J49: =IF(J$39=$C$11,Διαμερίσματα!$AB14,"") | K49: =IF(K$39=$C$11,Διαμερίσματα!$AB14,"") | ... P49: =IF(P$39=$C$11,Διαμερίσματα!$AB14,"")
A50: =IF(B50="","",A49+1) -> 10 | B50: =IF(Διαμερίσματα!B15="","",Διαμερίσματα!B15) -> Β3 | C50: =IF(Διαμερίσματα!I15="","",Διαμερίσματα!I15) -> Ιδιοκτήτης-10 | D50: =IF(D$39=$C$11,Διαμερίσματα!$AB15,"") | E50: =IF(E$39=$C$11,Διαμερίσματα!$AB15,"") -> 236.65566 | F50: =IF(F$39=$C$11,Διαμερίσματα!$AB15,"") | G50: =IF(G$39=$C$11,Διαμερίσματα!$AB15,"") | H50: =IF(H$39=$C$11,Διαμερίσματα!$AB15,"") | I50: =IF(I$39=$C$11,Διαμερίσματα!$AB15,"") | J50: =IF(J$39=$C$11,Διαμερίσματα!$AB15,"") | K50: =IF(K$39=$C$11,Διαμερίσματα!$AB15,"") | ... P50: =IF(P$39=$C$11,Διαμερίσματα!$AB15,"")
A51: =IF(B51="","",A50+1) -> 11 | B51: =IF(Διαμερίσματα!B16="","",Διαμερίσματα!B16) -> Β4 | C51: =IF(Διαμερίσματα!I16="","",Διαμερίσματα!I16) -> Ιδιοκτήτης-11 | D51: =IF(D$39=$C$11,Διαμερίσματα!$AB16,"") | E51: =IF(E$39=$C$11,Διαμερίσματα!$AB16,"") -> 0 | F51: =IF(F$39=$C$11,Διαμερίσματα!$AB16,"") | G51: =IF(G$39=$C$11,Διαμερίσματα!$AB16,"") | H51: =IF(H$39=$C$11,Διαμερίσματα!$AB16,"") | I51: =IF(I$39=$C$11,Διαμερίσματα!$AB16,"") | J51: =IF(J$39=$C$11,Διαμερίσματα!$AB16,"") | K51: =IF(K$39=$C$11,Διαμερίσματα!$AB16,"") | ... P51: =IF(P$39=$C$11,Διαμερίσματα!$AB16,"")
A52: =IF(B52="","",A51+1) -> 12 | B52: =IF(Διαμερίσματα!B17="","",Διαμερίσματα!B17) -> Γ1 | C52: =IF(Διαμερίσματα!I17="","",Διαμερίσματα!I17) -> Ιδιοκτήτης-12 | D52: =IF(D$39=$C$11,Διαμερίσματα!$AB17,"") | E52: =IF(E$39=$C$11,Διαμερίσματα!$AB17,"") -> 26.341334 | F52: =IF(F$39=$C$11,Διαμερίσματα!$AB17,"") | G52: =IF(G$39=$C$11,Διαμερίσματα!$AB17,"") | H52: =IF(H$39=$C$11,Διαμερίσματα!$AB17,"") | I52: =IF(I$39=$C$11,Διαμερίσματα!$AB17,"") | J52: =IF(J$39=$C$11,Διαμερίσματα!$AB17,"") | K52: =IF(K$39=$C$11,Διαμερίσματα!$AB17,"") | ... P52: =IF(P$39=$C$11,Διαμερίσματα!$AB17,"")
A53: =IF(B53="","",A52+1) -> 13 | B53: =IF(Διαμερίσματα!B18="","",Διαμερίσματα!B18) -> Γ2 | C53: =IF(Διαμερίσματα!I18="","",Διαμερίσματα!I18) -> Ιδιοκτήτης-13 | D53: =IF(D$39=$C$11,Διαμερίσματα!$AB18,"") | E53: =IF(E$39=$C$11,Διαμερίσματα!$AB18,"") -> 26.371227 | F53: =IF(F$39=$C$11,Διαμερίσματα!$AB18,"") | G53: =IF(G$39=$C$11,Διαμερίσματα!$AB18,"") | H53: =IF(H$39=$C$11,Διαμερίσματα!$AB18,"") | I53: =IF(I$39=$C$11,Διαμερίσματα!$AB18,"") | J53: =IF(J$39=$C$11,Διαμερίσματα!$AB18,"") | K53: =IF(K$39=$C$11,Διαμερίσματα!$AB18,"") | ... P53: =IF(P$39=$C$11,Διαμερίσματα!$AB18,"")
... A62: =IF(B62="","",A61+1) -> 22 | B62: =IF(Διαμερίσματα!B27="","",Διαμερίσματα!B27) -> Ε3 | C62: =IF(Διαμερίσματα!I27="","",Διαμερίσματα!I27) -> Ιδιοκτήτης-22 | D62: =IF(D$39=$C$11,Διαμερίσματα!$AB27,"") | E62: =IF(E$39=$C$11,Διαμερίσματα!$AB27,"") -> 0 | F62: =IF(F$39=$C$11,Διαμερίσματα!$AB27,"") | G62: =IF(G$39=$C$11,Διαμερίσματα!$AB27,"") | H62: =IF(H$39=$C$11,Διαμερίσματα!$AB27,"") | I62: =IF(I$39=$C$11,Διαμερίσματα!$AB27,"") | J62: =IF(J$39=$C$11,Διαμερίσματα!$AB27,"") | K62: =IF(K$39=$C$11,Διαμερίσματα!$AB27,"") | ... P62: =IF(P$39=$C$11,Διαμερίσματα!$AB27,"")
A63: Σ Υ Ν Ο Λ Α | D63: =SUM(D41:D62) -> 0 | E63: =SUM(E41:E62) -> 1480 | F63: =SUM(F41:F62) -> 0 | G63: =SUM(G41:G62) -> 0 | H63: =SUM(H41:H62) -> 0 | I63: =SUM(I41:I62) -> 0 | J63: =SUM(J41:J62) -> 0 | K63: =SUM(K41:K62) -> 0 | ... P63: =SUM(P41:P62) -> 0

Sheet Διαμερίσματα
D1: =ΣΤΟΙΧΕΙΑ!C4 -> Δ Ι Α Μ Ε Ρ Ι Σ Μ Α Τ Α : | L1: =ΣΤΟΙΧΕΙΑ!C10 -> 40878 | W1: =ΣΤΟΙΧΕΙΑ!C9 -> 40878
A2: Α/Α | B2: =ΣΤΟΙΧΕΙΑ!C2 -> Πολυκατοικία : | G2: =ΣΤΟΙΧΕΙΑ!C12 -> Διευθύνση 123 | P2: =ΣΤΟΙΧΕΙΑ!C13 -> Νεάπολη - ΑΤΤΙΚΗΣ.
B3: Διαμέρισμα | F3: Ιδιοκτήτης | I3: Ένοικος | L3: ΝΕΟΙ Συντελεστές (& με π.χ. -100%) | R3: ΑΡΧΙΚΟΙ Συντελεστές | W3: Προσωρινοί Συντελ. με μείον π.χ. 100% | AB3: Κοινόχρ. Μήνα
B4: Κωδικός | C4: ΚΛΕΙΣΤΟ | D4: Όροφος | E4: m2 | F4: Όνομα | G4: Τηλέφωνο | H4: Κινητό | I4: Όνομα | J4: Τηλέφωνο | K4: Κινητό | L4: Ανελκ | M4: Θέρμ | N4: Κοινοχρ. | O4: fi | P4: Έκτακτ. | Q4: εi | R4: fi | S4: εi | T4: Ανελκ | U4: Θέρμ | V4: Κοινοχρ. | W4: εi | X4: Ανελκ | Y4: Θέρμ | Z4: Κοινοχρ. | AA4: Έκτακτ.
A5: 1 | B5: =A5+1 -> 2 | C5: =B5+1 -> 3 | D5: =C5+1 -> 4 | E5: =D5+1 -> 5 | F5: =E5+1 -> 6 | G5: =F5+1 -> 7 | H5: =G5+1 -> 8 | I5: =H5+1 -> 9 | ... AB5: =AA5+1 -> 28
A6: =IF(B6="","",1) -> 1 | B6: Κ1 | D6: Ισ | E6: 50 | F6: Ιδιοκτήτης-1 | I6: =IF(F6="","",F6) -> Ιδιοκτήτης-1 | J6: =IF(G6="","",IF($F6=$I6,G6,"")) | K6: =IF(H6="","",IF(F6=I6,H6,"")) | L6: =X6*$T$28/$X$28 -> 46.203247 | M6: =Y6*$U$28/$Y$28 -> 64.648275 | N6: =Z6*$V$28/$Z$28 -> 33.401609 | O6: =IFERROR(R6,0) -> 0.35 | P6: =AA6*1000/$AA$28 -> 75.05071 | Q6: =W6*$S$28/$W$28 -> 0.07505071 | R6: 0.35 | S6: 0.0703 | T6: 43.31 | U6: 60.6 | V6: 31.31 | W6: =IF($C6="",S6,S6*$B$30/100) -> 0.0703 | X6: =IF($C6="",T6,T6*$B$30/100) -> 43.31 | Y6: =IF($C6="",U6,U6*$B$30/100) -> 60.6 | Z6: =IF($C6="",V6,V6*$B$30/100) -> 31.31 | AA6: =IF($C6="",S6*1000,S6*$B$30*10) -> 70.3 | AB6: =IF(B6="","",'1-2'!$G$21) -> 44.314208
A7: =IF(B7="","",A6+1) -> 2 | B7: Κ2 | D7: Ισ | E7: 60 | F7: Ιδιοκτήτης-2 | I7: =IF(F7="","",F7) -> Ιδιοκτήτης-2 | J7: =IF(G7="","",IF($F7=$I7,G7,"")) | K7: =IF(H7="","",IF(F7=I7,H7,"")) | L7: =X7*$T$28/$X$28 -> 33.401609 | M7: =Y7*$U$28/$Y$28 -> 46.203247 | N7: =Z7*$V$28/$Z$28 -> 64.648275 | O7: =IFERROR(R7,0) -> 0.41 | P7: =AA7*1000/$AA$28 -> 63.841144 | Q7: =W7*$S$28/$W$28 -> 0.063841144 | R7: 0.41 | S7: 0.0598 | T7: 31.31 | U7: 43.31 | V7: 60.6 | W7: =IF($C7="",S7,S7*$B$30/100) -> 0.0598 | X7: =IF($C7="",T7,T7*$B$30/100) -> 31.31 | Y7: =IF($C7="",U7,U7*$B$30/100) -> 43.31 | Z7: =IF($C7="",V7,V7*$B$30/100) -> 60.6 | AA7: =IF($C7="",S7*1000,S7*$B$30*10) -> 59.8 | AB7: =IF(B7="","",'1-2'!$G$46) -> 49.190348
A8: =IF(B8="","",A7+1) -> 3 | B8: Κ3 | D8: Ισ | E8: 50 | F8: Ιδιοκτήτης-3 | I8: =IF(F8="","",F8) -> Ιδιοκτήτης-3 | J8: =IF(G8="","",IF($F8=$I8,G8,"")) | K8: =IF(H8="","",IF(F8=I8,H8,"")) | L8: =X8*$T$28/$X$28 -> 64.648275 | M8: =Y8*$U$28/$Y$28 -> 33.401609 | N8: =Z8*$V$28/$Z$28 -> 46.203247 | O8: =IFERROR(R8,0) -> 0.36 | P8: =AA8*1000/$AA$28 -> 56.474859 | Q8: =W8*$S$28/$W$28 -> 0.056474859 | R8: 0.36 | S8: 0.0529 | T8: 60.6 | U8: 31.31 | V8: 43.31 | W8: =IF($C8="",S8,S8*$B$30/100) -> 0.0529 | X8: =IF($C8="",T8,T8*$B$30/100) -> 60.6 | Y8: =IF($C8="",U8,U8*$B$30/100) -> 31.31 | Z8: =IF($C8="",V8,V8*$B$30/100) -> 43.31 | AA8: =IF($C8="",S8*1000,S8*$B$30*10) -> 52.9 | AB8: =IF(B8="","",'3-4'!$G$21) -> 225.03995
A9: =IF(B9="","",A8+1) -> 4 | B9: Α1 | D9: 1ος | E9: 60 | F9: Ιδιοκτήτης-4 | I9: =IF(F9="","",F9) -> Ιδιοκτήτης-4 | J9: =IF(G9="","",IF($F9=$I9,G9,"")) | K9: =IF(H9="","",IF(F9=I9,H9,"")) | L9: =X9*$T$28/$X$28 -> 33.390941 | M9: =Y9*$U$28/$Y$28 -> 33.390941 | N9: =Z9*$V$28/$Z$28 -> 33.390941 | O9: =IFERROR(R9,0) -> 0.31 | P9: =AA9*1000/$AA$28 -> 79.641294 | Q9: =W9*$S$28/$W$28 -> 0.079641294 | R9: 0.31 | S9: 0.0746 | T9: =V9 -> 31.3 | U9: =V9 -> 31.3 | V9: 31.3 | W9: =IF($C9="",S9,S9*$B$30/100) -> 0.0746 | X9: =IF($C9="",T9,T9*$B$30/100) -> 31.3 | Y9: =IF($C9="",U9,U9*$B$30/100) -> 31.3 | Z9: =IF($C9="",V9,V9*$B$30/100) -> 31.3 | AA9: =IF($C9="",S9*1000,S9*$B$30*10) -> 74.6 | AB9: =IF(B9="","",'3-4'!$G$46) -> 178.03119
A10: =IF(B10="","",A9+1) -> 5 | B10: Α2 | D10: 1ος | E10: 50 | F10: Ιδιοκτήτης-5 | I10: =IF(F10="","",F10) -> Ιδιοκτήτης-5 | J10: =IF(G10="","",IF($F10=$I10,G10,"")) | K10: =IF(H10="","",IF(F10=I10,H10,"")) | L10: =X10*$T$28/$X$28 -> 33.401609 | M10: =Y10*$U$28/$Y$28 -> 33.401609 | N10: =Z10*$V$28/$Z$28 -> 33.401609 | O10: =IFERROR(R10,0) -> 0.46 | P10: =AA10*1000/$AA$28 -> 61.065443 | Q10: =W10*$S$28/$W$28 -> 0.061065443 | R10: 0.46 | S10: 0.0572 | T10: =V10 -> 31.31 | U10: =V10 -> 31.31 | V10: 31.31 | W10: =IF($C10="",S10,S10*$B$30/100) -> 0.0572 | X10: =IF($C10="",T10,T10*$B$30/100) -> 31.31 | Y10: =IF($C10="",U10,U10*$B$30/100) -> 31.31 | Z10: =IF($C10="",V10,V10*$B$30/100) -> 31.31 | AA10: =IF($C10="",S10*1000,S10*$B$30*10) -> 57.2 | AB10: =IF(B10="","",'5-6'!$G$21) -> 164.47441
A11: =IF(B11="","",A10+1) -> 6 | B11: Α3 | D11: 1ος | E11: 60 | F11: Ιδιοκτήτης-6 | I11: =IF(F11="","",F11) -> Ιδιοκτήτης-6 | J11: =IF(G11="","",IF($F11=$I11,G11,"")) | K11: =IF(H11="","",IF(F11=I11,H11,"")) | L11: =X11*$T$28/$X$28 -> 33.401609 | M11: =Y11*$U$28/$Y$28 -> 33.401609 | N11: =Z11*$V$28/$Z$28 -> 33.401609 | O11: =IFERROR(R11,0) -> 0.31 | P11: =AA11*1000/$AA$28 -> 80.388598 | Q11: =W11*$S$28/$W$28 -> 0.080388598 | R11: 0.31 | S11: 0.0753 | T11: =V11 -> 31.31 | U11: =V11 -> 31.31 | V11: 31.31 | W11: =IF($C11="",S11,S11*$B$30/100) -> 0.0753 | X11: =IF($C11="",T11,T11*$B$30/100) -> 31.31 | Y11: =IF($C11="",U11,U11*$B$30/100) -> 31.31 | Z11: =IF($C11="",V11,V11*$B$30/100) -> 31.31 | AA11: =IF($C11="",S11*1000,S11*$B$30*10) -> 75.3 | AB11: =IF(B11="","",'5-6'!$G$46) -> 29.674312
A12: =IF(B12="","",A11+1) -> 7 | B12: Α4 | D12: 1ος | E12: 50 | F12: Ιδιοκτήτης-7 | I12: =IF(F12="","",F12) -> Ιδιοκτήτης-7 | J12: =IF(G12="","",IF($F12=$I12,G12,"")) | K12: =IF(H12="","",IF(F12=I12,H12,"")) | L12: =X12*$T$28/$X$28 -> 107.75779 | M12: =Y12*$U$28/$Y$28 -> 107.75779 | N12: =Z12*$V$28/$Z$28 -> 107.75779 | O12: =IFERROR(R12,0) -> 0.33 | P12: =AA12*1000/$AA$28 -> 39.393616 | Q12: =W12*$S$28/$W$28 -> 0.039393616 | R12: 0.33 | S12: 0.0369 | T12: =V12 -> 101.01 | U12: =V12 -> 101.01 | V12: 101.01 | W12: =IF($C12="",S12,S12*$B$30/100) -> 0.0369 | X12: =IF($C12="",T12,T12*$B$30/100) -> 101.01 | Y12: =IF($C12="",U12,U12*$B$30/100) -> 101.01 | Z12: =IF($C12="",V12,V12*$B$30/100) -> 101.01 | AA12: =IF($C12="",S12*1000,S12*$B$30*10) -> 36.9 | AB12: =IF(B12="","",'7-8'!$G$21) -> 78.11043
A13: =IF(B13="","",A12+1) -> 8 | B13: Β1 | D13: 2ος | E13: 60 | F13: Ιδιοκτήτης-8 | I13: =IF(F13="","",F13) -> Ιδιοκτήτης-8 | J13: =IF(G13="","",IF($F13=$I13,G13,"")) | K13: =IF(H13="","",IF(F13=I13,H13,"")) | L13: =X13*$T$28/$X$28 -> 33.401609 | M13: =Y13*$U$28/$Y$28 -> 33.401609 | N13: =Z13*$V$28/$Z$28 -> 33.401609 | O13: =IFERROR(R13,0) -> 0.41 | P13: =AA13*1000/$AA$28 -> 69.392548 | Q13: =W13*$S$28/$W$28 -> 0.069392548 | R13: 0.41 | S13: 0.065 | T13: =V13 -> 31.31 | U13: =V13 -> 31.31 | V13: 31.31 | W13: =IF($C13="",S13,S13*$B$30/100) -> 0.065 | X13: =IF($C13="",T13,T13*$B$30/100) -> 31.31 | Y13: =IF($C13="",U13,U13*$B$30/100) -> 31.31 | Z13: =IF($C13="",V13,V13*$B$30/100) -> 31.31 | AA13: =IF($C13="",S13*1000,S13*$B$30*10) -> 65 | AB13: =IF(B13="","",'7-8'!$G$46) -> 77.398602
A14: =IF(B14="","",A13+1) -> 9 | B14: Β2 | D14: 2ος | E14: 50 | F14: Ιδιοκτήτης-9 | I14: =IF(F14="","",F14) -> Ιδιοκτήτης-9 | J14: =IF(G14="","",IF($F14=$I14,G14,"")) | K14: =IF(H14="","",IF(F14=I14,H14,"")) | L14: =X14*$T$28/$X$28 -> 140.08193 | M14: =Y14*$U$28/$Y$28 -> 140.08193 | N14: =Z14*$V$28/$Z$28 -> 140.08193 | O14: =IFERROR(R14,0) -> 0.35 | P14: =AA14*1000/$AA$28 -> 75.904772 | Q14: =W14*$S$28/$W$28 -> 0.075904772 | R14: 0.35 | S14: 0.0711 | T14: =V14 -> 131.31 | U14: =V14 -> 131.31 | V14: 131.31 | W14: =IF($C14="",S14,S14*$B$30/100) -> 0.0711 | X14: =IF($C14="",T14,T14*$B$30/100) -> 131.31 | Y14: =IF($C14="",U14,U14*$B$30/100) -> 131.31 | Z14: =IF($C14="",V14,V14*$B$30/100) -> 131.31 | AA14: =IF($C14="",S14*1000,S14*$B$30*10) -> 71.1 | AB14: =IF(B14="","",'9-10'!$G$21) -> 133.28129
A15: =IF(B15="","",A14+1) -> 10 | B15: Β3 | D15: 2ος | E15: 60 | F15: Ιδιοκτήτης-10 | I15: =IF(F15="","",F15) -> Ιδιοκτήτης-10 | J15: =IF(G15="","",IF($F15=$I15,G15,"")) | K15: =IF(H15="","",IF(F15=I15,H15,"")) | L15: =X15*$T$28/$X$28 -> 140.08193 | M15: =Y15*$U$28/$Y$28 -> 140.08193 | N15: =Z15*$V$28/$Z$28 -> 140.08193 | O15: =IFERROR(R15,0) -> 0.35 | P15: =AA15*1000/$AA$28 -> 67.257393 | Q15: =W15*$S$28/$W$28 -> 0.067257393 | R15: 0.35 | S15: 0.063 | T15: =V15 -> 131.31 | U15: =V15 -> 131.31 | V15: 131.31 | W15: =IF($C15="",S15,S15*$B$30/100) -> 0.063 | X15: =IF($C15="",T15,T15*$B$30/100) -> 131.31 | Y15: =IF($C15="",U15,U15*$B$30/100) -> 131.31 | Z15: =IF($C15="",V15,V15*$B$30/100) -> 131.31 | AA15: =IF($C15="",S15*1000,S15*$B$30*10) -> 63 | AB15: =IF(B15="","",'9-10'!$G$46) -> 236.65566
A16: =IF(B16="","",A15+1) -> 11 | B16: Β4 | C16: ΝΑΙ | D16: 2ος | E16: 50 | F16: Ιδιοκτήτης-11 | I16: =IF(F16="","",F16) -> Ιδιοκτήτης-11 | J16: =IF(G16="","",IF($F16=$I16,G16,"")) | K16: =IF(H16="","",IF(F16=I16,H16,"")) | L16: =X16*$T$28/$X$28 -> 0 | M16: =Y16*$U$28/$Y$28 -> 0 | N16: =Z16*$V$28/$Z$28 -> 0 | O16: =IFERROR(R16,0) -> 0.25 | P16: =AA16*1000/$AA$28 -> 0 | Q16: =W16*$S$28/$W$28 -> 0 | R16: 0.25 | S16: 0.0322 | T16: =V16 -> 31.31 | U16: =V16 -> 31.31 | V16: 31.31 | W16: =IF($C16="",S16,S16*$B$30/100) -> 0 | X16: =IF($C16="",T16,T16*$B$30/100) -> 0 | Y16: =IF($C16="",U16,U16*$B$30/100) -> 0 | Z16: =IF($C16="",V16,V16*$B$30/100) -> 0 | AA16: =IF($C16="",S16*1000,S16*$B$30*10) -> 0 | AB16: =IF(B16="","",'11-12'!$G$21) -> 0
A17: =IF(B17="","",A16+1) -> 12 | B17: Γ1 | D17: 3ος | E17: 60 | F17: Ιδιοκτήτης-12 | I17: =IF(F17="","",F17) -> Ιδιοκτήτης-12 | J17: =IF(G17="","",IF($F17=$I17,G17,"")) | K17: =IF(H17="","",IF(F17=I17,H17,"")) | L17: =X17*$T$28/$X$28 -> 33.401609 | M17: =Y17*$U$28/$Y$28 -> 33.401609 | N17: =Z17*$V$28/$Z$28 -> 33.401609 | O17: =IFERROR(R17,0) -> 0.25 | P17: =AA17*1000/$AA$28 -> 32.774634 | Q17: =W17*$S$28/$W$28 -> 0.032774634 | R17: 0.25 | S17: 0.0307 | T17: =V17 -> 31.31 | U17: =V17 -> 31.31 | V17: 31.31 | W17: =IF($C17="",S17,S17*$B$30/100) -> 0.0307 | X17: =IF($C17="",T17,T17*$B$30/100) -> 31.31 | Y17: =IF($C17="",U17,U17*$B$30/100) -> 31.31 | Z17: =IF($C17="",V17,V17*$B$30/100) -> 31.31 | AA17: =IF($C17="",S17*1000,S17*$B$30*10) -> 30.7 | AB17: =IF(B17="","",'11-12'!$G$46) -> 26.341334
A18: =IF(B18="","",A17+1) -> 13 | B18: Γ2 | D18: 3ος | E18: 50 | F18: Ιδιοκτήτης-13 | I18: =IF(F18="","",F18) -> Ιδιοκτήτης-13 | J18: =IF(G18="","",IF($F18=$I18,G18,"")) | K18: =IF(H18="","",IF(F18=I18,H18,"")) | L18: =X18*$T$28/$X$28 -> 33.401609 | M18: =Y18*$U$28/$Y$28 -> 33.401609 | N18: =Z18*$V$28/$Z$28 -> 33.401609 | O18: =IFERROR(R18,0) -> 0.25 | P18: =AA18*1000/$AA$28 -> 33.201665 | Q18: =W18*$S$28/$W$28 -> 0.033201665 | R18: 0.25 | S18: 0.0311 | T18: =V18 -> 31.31 | U18: =V18 -> 31.31 | V18: 31.31 | W18: =IF($C18="",S18,S18*$B$30/100) -> 0.0311 | X18: =IF($C18="",T18,T18*$B$30/100) -> 31.31 | Y18: =IF($C18="",U18,U18*$B$30/100) -> 31.31 | Z18: =IF($C18="",V18,V18*$B$30/100) -> 31.31 | AA18: =IF($C18="",S18*1000,S18*$B$30*10) -> 31.1 | AB18: =IF(B18="","",'13-14'!$G$21) -> 26.371227
A19: =IF(B19="","",A18+1) -> 14 | B19: Γ3 | D19: 3ος | E19: 60 | F19: Ιδιοκτήτης-14 | I19: =IF(F19="","",F19) -> Ιδιοκτήτης-14 | J19: =IF(G19="","",IF($F19=$I19,G19,"")) | K19: =IF(H19="","",IF(F19=I19,H19,"")) | L19: =X19*$T$28/$X$28 -> 33.401609 | M19: =Y19*$U$28/$Y$28 -> 33.401609 | N19: =Z19*$V$28/$Z$28 -> 33.401609 | O19: =IFERROR(R19,0) -> 0.25 | P19: =AA19*1000/$AA$28 -> 33.201665 | Q19: =W19*$S$28/$W$28 -> 0.033201665 | R19: 0.25 | S19: 0.0311 | T19: =V19 -> 31.31 | U19: =V19 -> 31.31 | V19: 31.31 | W19: =IF($C19="",S19,S19*$B$30/100) -> 0.0311 | X19: =IF($C19="",T19,T19*$B$30/100) -> 31.31 | Y19: =IF($C19="",U19,U19*$B$30/100) -> 31.31 | Z19: =IF($C19="",V19,V19*$B$30/100) -> 31.31 | AA19: =IF($C19="",S19*1000,S19*$B$30*10) -> 31.1 | AB19: =IF(B19="","",'13-14'!$G$46) -> 26.371227
A20: =IF(B20="","",A19+1) -> 15 | B20: Γ4 | D20: 3ος | E20: 50 | F20: Ιδιοκτήτης-15 | I20: =IF(F20="","",F20) -> Ιδιοκτήτης-15 | J20: =IF(G20="","",IF($F20=$I20,G20,"")) | K20: =IF(H20="","",IF(F20=I20,H20,"")) | L20: =X20*$T$28/$X$28 -> 33.401609 | M20: =Y20*$U$28/$Y$28 -> 33.401609 | N20: =Z20*$V$28/$Z$28 -> 33.401609 | O20: =IFERROR(R20,0) -> 0.25 | P20: =AA20*1000/$AA$28 -> 33.201665 | Q20: =W20*$S$28/$W$28 -> 0.033201665 | R20: 0.25 | S20: 0.0311 | T20: =V20 -> 31.31 | U20: =V20 -> 31.31 | V20: 31.31 | W20: =IF($C20="",S20,S20*$B$30/100) -> 0.0311 | X20: =IF($C20="",T20,T20*$B$30/100) -> 31.31 | Y20: =IF($C20="",U20,U20*$B$30/100) -> 31.31 | Z20: =IF($C20="",V20,V20*$B$30/100) -> 31.31 | AA20: =IF($C20="",S20*1000,S20*$B$30*10) -> 31.1 | AB20: =IF(B20="","",'15-16'!$G$21) -> 26.371227
A21: =IF(B21="","",A20+1) -> 16 | B21: Δ1 | D21: 4ος | E21: 60 | F21: Ιδιοκτήτης-16 | I21: =IF(F21="","",F21) -> Ιδιοκτήτης-16 | J21: =IF(G21="","",IF($F21=$I21,G21,"")) | K21: =IF(H21="","",IF(F21=I21,H21,"")) | L21: =X21*$T$28/$X$28 -> 33.401609 | M21: =Y21*$U$28/$Y$28 -> 33.401609 | N21: =Z21*$V$28/$Z$28 -> 33.401609 | O21: =IFERROR(R21,0) -> 0.25 | P21: =AA21*1000/$AA$28 -> 33.201665 | Q21: =W21*$S$28/$W$28 -> 0.033201665 | R21: 0.25 | S21: 0.0311 | T21: =V21 -> 31.31 | U21: =V21 -> 31.31 | V21: 31.31 | W21: =IF($C21="",S21,S21*$B$30/100) -> 0.0311 | X21: =IF($C21="",T21,T21*$B$30/100) -> 31.31 | Y21: =IF($C21="",U21,U21*$B$30/100) -> 31.31 | Z21: =IF($C21="",V21,V21*$B$30/100) -> 31.31 | AA21: =IF($C21="",S21*1000,S21*$B$30*10) -> 31.1 | AB21: =IF(B21="","",'15-16'!$G$46) -> 26.371227
A22: =IF(B22="","",A21+1) -> 17 | B22: Δ2 | D22: 4ος | E22: 50 | F22: Ιδιοκτήτης-17 | I22: =IF(F22="","",F22) -> Ιδιοκτήτης-17 | J22: =IF(G22="","",IF($F22=$I22,G22,"")) | K22: =IF(H22="","",IF(F22=I22,H22,"")) | L22: =X22*$T$28/$X$28 -> 33.401609 | M22: =Y22*$U$28/$Y$28 -> 33.401609 | N22: =Z22*$V$28/$Z$28 -> 33.401609 | O22: =IFERROR(R22,0) -> 0.25 | P22: =AA22*1000/$AA$28 -> 33.201665 | Q22: =W22*$S$28/$W$28 -> 0.033201665 | R22: 0.25 | S22: 0.0311 | T22: =V22 -> 31.31 | U22: =V22 -> 31.31 | V22: 31.31 | W22: =IF($C22="",S22,S22*$B$30/100) -> 0.0311 | X22: =IF($C22="",T22,T22*$B$30/100) -> 31.31 | Y22: =IF($C22="",U22,U22*$B$30/100) -> 31.31 | Z22: =IF($C22="",V22,V22*$B$30/100) -> 31.31 | AA22: =IF($C22="",S22*1000,S22*$B$30*10) -> 31.1 | AB22: =IF(B22="","",'17-18'!$G$21) -> 26.371227
A23: =IF(B23="","",A22+1) -> 18 | B23: Δ3 | D23: 4ος | E23: 60 | F23: Ιδιοκτήτης-18 | I23: =IF(F23="","",F23) -> Ιδιοκτήτης-18 | J23: =IF(G23="","",IF($F23=$I23,G23,"")) | K23: =IF(H23="","",IF(F23=I23,H23,"")) | L23: =X23*$T$28/$X$28 -> 33.614969 | M23: =Y23*$U$28/$Y$28 -> 33.614969 | N23: =Z23*$V$28/$Z$28 -> 33.614969 | O23: =IFERROR(R23,0) -> 0.25 | P23: =AA23*1000/$AA$28 -> 33.201665 | Q23: =W23*$S$28/$W$28 -> 0.033201665 | R23: 0.25 | S23: 0.0311 | T23: =V23 -> 31.51 | U23: =V23 -> 31.51 | V23: 31.51 | W23: =IF($C23="",S23,S23*$B$30/100) -> 0.0311 | X23: =IF($C23="",T23,T23*$B$30/100) -> 31.51 | Y23: =IF($C23="",U23,U23*$B$30/100) -> 31.51 | Z23: =IF($C23="",V23,V23*$B$30/100) -> 31.51 | AA23: =IF($C23="",S23*1000,S23*$B$30*10) -> 31.1 | AB23: =IF(B23="","",'17-18'!$G$46) -> 26.518445
A24: =IF(B24="","",A23+1) -> 19 | B24: Δ4 | D24: 4ος | E24: 50 | F24: Ιδιοκτήτης-19 | I24: =IF(F24="","",F24) -> Ιδιοκτήτης-19 | J24: =IF(G24="","",IF($F24=$I24,G24,"")) | K24: =IF(H24="","",IF(F24=I24,H24,"")) | L24: =X24*$T$28/$X$28 -> 33.401609 | M24: =Y24*$U$28/$Y$28 -> 33.401609 | N24: =Z24*$V$28/$Z$28 -> 33.401609 | O24: =IFERROR(R24,0) -> 0.25 | P24: =AA24*1000/$AA$28 -> 33.201665 | Q24: =W24*$S$28/$W$28 -> 0.033201665 | R24: 0.25 | S24: 0.0311 | T24: =V24 -> 31.31 | U24: =V24 -> 31.31 | V24: 31.31 | W24: =IF($C24="",S24,S24*$B$30/100) -> 0.0311 | X24: =IF($C24="",T24,T24*$B$30/100) -> 31.31 | Y24: =IF($C24="",U24,U24*$B$30/100) -> 31.31 | Z24: =IF($C24="",V24,V24*$B$30/100) -> 31.31 | AA24: =IF($C24="",S24*1000,S24*$B$30*10) -> 31.1 | AB24: =IF(B24="","",'19-20'!$G$21) -> 26.371227
A25: =IF(B25="","",A24+1) -> 20 | B25: Ε1 | D25: 5ος | E25: 60 | F25: Ιδιοκτήτης-20 | I25: =IF(F25="","",F25) -> Ιδιοκτήτης-20 | J25: =IF(G25="","",IF($F25=$I25,G25,"")) | K25: =IF(H25="","",IF(F25=I25,H25,"")) | L25: =X25*$T$28/$X$28 -> 33.401609 | M25: =Y25*$U$28/$Y$28 -> 33.401609 | N25: =Z25*$V$28/$Z$28 -> 33.401609 | O25: =IFERROR(R25,0) -> 0.25 | P25: =AA25*1000/$AA$28 -> 33.201665 | Q25: =W25*$S$28/$W$28 -> 0.033201665 | R25: 0.25 | S25: 0.0311 | T25: =V25 -> 31.31 | U25: =V25 -> 31.31 | V25: 31.31 | W25: =IF($C25="",S25,S25*$B$30/100) -> 0.0311 | X25: =IF($C25="",T25,T25*$B$30/100) -> 31.31 | Y25: =IF($C25="",U25,U25*$B$30/100) -> 31.31 | Z25: =IF($C25="",V25,V25*$B$30/100) -> 31.31 | AA25: =IF($C25="",S25*1000,S25*$B$30*10) -> 31.1 | AB25: =IF(B25="","",'19-20'!$G$46) -> 26.371227
A26: =IF(B26="","",A25+1) -> 21 | B26: Ε2 | D26: 5ος | E26: 50 | F26: Ιδιοκτήτης-21 | I26: =IF(F26="","",F26) -> Ιδιοκτήτης-21 | J26: =IF(G26="","",IF($F26=$I26,G26,"")) | K26: =IF(H26="","",IF(F26=I26,H26,"")) | L26: =X26*$T$28/$X$28 -> 33.401609 | M26: =Y26*$U$28/$Y$28 -> 33.401609 | N26: =Z26*$V$28/$Z$28 -> 33.401609 | O26: =IFERROR(R26,0) -> 0.25 | P26: =AA26*1000/$AA$28 -> 33.201665 | Q26: =W26*$S$28/$W$28 -> 0.033201665 | R26: 0.25 | S26: 0.0311 | T26: =V26 -> 31.31 | U26: =V26 -> 31.31 | V26: 31.31 | W26: =IF($C26="",S26,S26*$B$30/100) -> 0.0311 | X26: =IF($C26="",T26,T26*$B$30/100) -> 31.31 | Y26: =IF($C26="",U26,U26*$B$30/100) -> 31.31 | Z26: =IF($C26="",V26,V26*$B$30/100) -> 31.31 | AA26: =IF($C26="",S26*1000,S26*$B$30*10) -> 31.1 | AB26: =IF(B26="","",'21-22'!$G$21) -> 26.371227
A27: =IF(B27="","",A26+1) -> 22 | B27: Ε3 | C27: ΝΑΙ | D27: 5ος | E27: 60 | F27: Ιδιοκτήτης-22 | I27: =IF(F27="","",F27) -> Ιδιοκτήτης-22 | J27: =IF(G27="","",IF($F27=$I27,G27,"")) | K27: =IF(H27="","",IF(F27=I27,H27,"")) | L27: =X27*$T$28/$X$28 -> 0 | M27: =Y27*$U$28/$Y$28 -> 0 | N27: =Z27*$V$28/$Z$28 -> 0 | O27: =IFERROR(R27,0) -> 0.25 | P27: =AA27*1000/$AA$28 -> 0 | Q27: =W27*$S$28/$W$28 -> 0 | R27: 0.25 | S27: 0.0311 | T27: =V27 -> 31.31 | U27: =V27 -> 31.31 | V27: 31.31 | W27: =IF($C27="",S27,S27*$B$30/100) -> 0 | X27: =IF($C27="",T27,T27*$B$30/100) -> 0 | Y27: =IF($C27="",U27,U27*$B$30/100) -> 0 | Z27: =IF($C27="",V27,V27*$B$30/100) -> 0 | AA27: =IF($C27="",S27*1000,S27*$B$30*10) -> 0 | AB27: =IF(B27="","",'21-22'!$G$46) -> 0
A28: ΣΥΝΟΛΑ | C28: =COUNTA(C6:C27) -> 2 | D28: =COUNTA(B6:B27)-C28 -> 20 | E28: =SUM(E6:E27) -> 1210 | L28: =SUM(L6:L27) -> 1000 | M28: =SUM(M6:M27) -> 1000 | N28: =SUM(N6:N27) -> 1000 | O28: =SUM(O6:O27) -> 6.64 | P28: =SUM(P6:P27) -> 1000 | Q28: =SUM(Q6:Q27) -> 1 | R28: =SUM(R6:R27) -> 6.64 | S28: =SUM(S6:S27) -> 1 | ... AB28: =SUM(AB6:AB27) -> 1480
A30: ΣΥΜΜΕΤΟΧΗ | B30: 0 | C30: ΝΑΙ | D30: Επιστροφή στην ΠΛΟΗΓΗΣΗ

Sheet Θέρμανση
D1: =ΣΤΟΙΧΕΙΑ!C6 -> ΑΥΤΟΝΟΜΗ ΘΕΡΜΑΝΣΗ: | N1: =ΣΤΟΙΧΕΙΑ!C10 -> 40878 | P1: =ΣΤΟΙΧΕΙΑ!C9 -> 40878
A2: Α/Α | B2: =ΣΤΟΙΧΕΙΑ!C2 -> Πολυκατοικία : | I2: =ΣΤΟΙΧΕΙΑ!C12 -> Διευθύνση 123 | M2: =ΣΤΟΙΧΕΙΑ!C13 -> Νεάπολη - ΑΤΤΙΚΗΣ. | P2: Πετρέλαιο που κάηκε
B3: Διαμέρισμα | C3: fi | D3: εi | E3: Μείωση | F3: Ωi | G3: fi*εi | H3: (fi*εi)% | I3: Ωi*εi | J3: Σ(Ωi*εi) | K3: Σ(fi*εi) | L3: (Ωi*εi)/Σ(Ωi*εi) | M3: 1-Σ(fi*εi) | N3: [(Ωi*εi)/Σ(Ωi*εi)]*[1-Σ(fi*εi)] | O3: πi | P3: Λίτρα | Q3: ΜΟ €/Λίτρο | R3: Κόστος
A4: 1 | B4: 2η Στήλη | C4: 3 | D4: 4 | E4: 5 (%) | F4: 6 | G4: 7(3*4) | H4: 8(3*4*5) | I4: 9(4*6) | J4: 10(Σ9) | K4: 11(Σ8) | L4: 12(9:10) | M4: 13([1]-11) | N4: 14(12*13) | O4: 15[(8+14)%] | P4: =IFERROR(VLOOKUP(ΣΤΟΙΧΕΙΑ!$C$11,Πετρέλαιο!$B$13:$V$33,20,FALSE),0) -> 840.6 | Q4: =IFERROR(R4/P4,0) -> 0.83273852 | R4: =IFERROR(VLOOKUP(ΣΤΟΙΧΕΙΑ!$C$11,Πετρέλαιο!$B$13:$V$33,21,FALSE),0) -> 700
A5: =IF(B5="","",1) -> 1 | B5: =IF(Διαμερίσματα!B6="","",Διαμερίσματα!B6) -> Κ1 | C5: =IF(Διαμερίσματα!R6="","",Διαμερίσματα!R6) -> 0.35 | D5: =IF(Διαμερίσματα!Q6="","",Διαμερίσματα!Q6) -> 0.07505071 | E5: 1 | F5: =IFERROR(HLOOKUP(ΣΤΟΙΧΕΙΑ!$C$11,Ώρες!$D$29:$P$52,2+A5,FALSE),0) -> 0 | G5: =IF(C5="","",C5*D5) -> 0.026267748 | H5: =IF(C5="","",C5*D5*((1-E5)/1)) -> 0 | I5: =IF(D5="","",IF(F5="",0,F5*D5)) -> 0 | J5: =IF(C5="","",$I$27) -> 20.545852 | K5: =IF(C5="","",$H$27) -> 0.023252909 | L5: =IFERROR(IF(C5="","",I5/J5),0) -> 0 | M5: =IF(C5="","",1-K5) -> 0.97674709 | N5: =IF(C5="","",L5*M5) -> 0 | O5: =IF(C5="","",H5+N5) -> 0 | P5: =IFERROR(IF(C5="","",$P$4*R5/$R$4),0) -> 0 | Q5: =IF(Διαμερίσματα!I6="","",Διαμερίσματα!I6) -> Ιδιοκτήτης-1 | R5: =IF(C5="","",IFERROR(O5*$R$4,0)) -> 0
A6: =IF(B6="","",A5+1) -> 2 | B6: =IF(Διαμερίσματα!B7="","",Διαμερίσματα!B7) -> Κ2 | C6: =IF(Διαμερίσματα!R7="","",Διαμερίσματα!R7) -> 0.41 | D6: =IF(Διαμερίσματα!Q7="","",Διαμερίσματα!Q7) -> 0.063841144 | E6: 0.5 | F6: =IFERROR(HLOOKUP(ΣΤΟΙΧΕΙΑ!$C$11,Ώρες!$D$29:$P$52,2+A6,FALSE),0) -> 0 | G6: =IF(C6="","",C6*D6) -> 0.026174869 | H6: =IF(C6="","",C6*D6*((1-E6)/1)) -> 0.013087435 | I6: =IF(D6="","",IF(F6="",0,F6*D6)) -> 0 | J6: =IF(C6="","",$I$27) -> 20.545852 | K6: =IF(C6="","",$H$27) -> 0.023252909 | L6: =IFERROR(IF(C6="","",I6/J6),0) -> 0 | M6: =IF(C6="","",1-K6) -> 0.97674709 | N6: =IF(C6="","",L6*M6) -> 0 | O6: =IF(C6="","",H6+N6) -> 0.013087435 | P6: =IFERROR(IF(C6="","",$P$4*R6/$R$4),0) -> 11.001298 | Q6: =IF(Διαμερίσματα!I7="","",Διαμερίσματα!I7) -> Ιδιοκτήτης-2 | R6: =IF(C6="","",IFERROR(O6*$R$4,0)) -> 9.1612042
A7: =IF(B7="","",A6+1) -> 3 | B7: =IF(Διαμερίσματα!B8="","",Διαμερίσματα!B8) -> Κ3 | C7: =IF(Διαμερίσματα!R8="","",Διαμερίσματα!R8) -> 0.36 | D7: =IF(Διαμερίσματα!Q8="","",Διαμερίσματα!Q8) -> 0.056474859 | E7: 0.5 | F7: =IFERROR(HLOOKUP(ΣΤΟΙΧΕΙΑ!$C$11,Ώρες!$D$29:$P$52,2+A7,FALSE),0) -> 99 | G7: =IF(C7="","",C7*D7) -> 0.020330949 | H7: =IF(C7="","",C7*D7*((1-E7)/1)) -> 0.010165475 | I7: =IF(D7="","",IF(F7="",0,F7*D7)) -> 5.591011 | J7: =IF(C7="","",$I$27) -> 20.545852 | K7: =IF(C7="","",$H$27) -> 0.023252909 | L7: =IFERROR(IF(C7="","",I7/J7),0) -> 0.27212358 | M7: =IF(C7="","",1-K7) -> 0.97674709 | N7: =IF(C7="","",L7*M7) -> 0.26579592 | O7: =IF(C7="","",H7+N7) -> 0.27596139 | P7: =IFERROR(IF(C7="","",$P$4*R7/$R$4),0) -> 231.97315 | Q7: =IF(Διαμερίσματα!I8="","",Διαμερίσματα!I8) -> Ιδιοκτήτης-3 | R7: =IF(C7="","",IFERROR(O7*$R$4,0)) -> 193.17298
A8: =IF(B8="","",A7+1) -> 4 | B8: =IF(Διαμερίσματα!B9="","",Διαμερίσματα!B9) -> Α1 | C8: =IF(Διαμερίσματα!R9="","",Διαμερίσματα!R9) -> 0.31 | D8: =IF(Διαμερίσματα!Q9="","",Διαμερίσματα!Q9) -> 0.079641294 | E8: =$E$5 -> 1 | F8: =IFERROR(HLOOKUP(ΣΤΟΙΧΕΙΑ!$C$11,Ώρες!$D$29:$P$52,2+A8,FALSE),0) -> 56 | G8: =IF(C8="","",C8*D8) -> 0.024688801 | H8: =IF(C8="","",C8*D8*((1-E8)/1)) -> 0 | I8: =IF(D8="","",IF(F8="",0,F8*D8)) -> 4.4599125 | J8: =IF(C8="","",$I$27) -> 20.545852 | K8: =IF(C8="","",$H$27) -> 0.023252909 | L8: =IFERROR(IF(C8="","",I8/J8),0) -> 0.21707118 | M8: =IF(C8="","",1-K8) -> 0.97674709 | N8: =IF(C8="","",L8*M8) -> 0.21202364 | O8: =IF(C8="","",H8+N8) -> 0.21202364 | P8: =IFERROR(IF(C8="","",$P$4*R8/$R$4),0) -> 178.22708 | Q8: =IF(Διαμερίσματα!I9="","",Διαμερίσματα!I9) -> Ιδιοκτήτης-4 | R8: =IF(C8="","",IFERROR(O8*$R$4,0)) -> 148.41655
A9: =IF(B9="","",A8+1) -> 5 | B9: =IF(Διαμερίσματα!B10="","",Διαμερίσματα!B10) -> Α2 | C9: =IF(Διαμερίσματα!R10="","",Διαμερίσματα!R10) -> 0.46 | D9: =IF(Διαμερίσματα!Q10="","",Διαμερίσματα!Q10) -> 0.061065443 | E9: =$E$5 -> 1 | F9: =IFERROR(HLOOKUP(ΣΤΟΙΧΕΙΑ!$C$11,Ώρες!$D$29:$P$52,2+A9,FALSE),0) -> 67 | G9: =IF(C9="","",C9*D9) -> 0.028090104 | H9: =IF(C9="","",C9*D9*((1-E9)/1)) -> 0 | I9: =IF(D9="","",IF(F9="",0,F9*D9)) -> 4.0913846 | J9: =IF(C9="","",$I$27) -> 20.545852 | K9: =IF(C9="","",$H$27) -> 0.023252909 | L9: =IFERROR(IF(C9="","",I9/J9),0) -> 0.19913433 | M9: =IF(C9="","",1-K9) -> 0.97674709 | N9: =IF(C9="","",L9*M9) -> 0.19450388 | O9: =IF(C9="","",H9+N9) -> 0.19450388 | P9: =IFERROR(IF(C9="","",$P$4*R9/$R$4),0) -> 163.49996 | Q9: =IF(Διαμερίσματα!I10="","",Διαμερίσματα!I10) -> Ιδιοκτήτης-5 | R9: =IF(C9="","",IFERROR(O9*$R$4,0)) -> 136.15272
A10: =IF(B10="","",A9+1) -> 6 | B10: =IF(Διαμερίσματα!B11="","",Διαμερίσματα!B11) -> Α3 | C10: =IF(Διαμερίσματα!R11="","",Διαμερίσματα!R11) -> 0.31 | D10: =IF(Διαμερίσματα!Q11="","",Διαμερίσματα!Q11) -> 0.080388598 | E10: =$E$5 -> 1 | F10: =IFERROR(HLOOKUP(ΣΤΟΙΧΕΙΑ!$C$11,Ώρες!$D$29:$P$52,2+A10,FALSE),0) -> 0 | G10: =IF(C10="","",C10*D10) -> 0.024920465 | H10: =IF(C10="","",C10*D10*((1-E10)/1)) -> 0 | I10: =IF(D10="","",IF(F10="",0,F10*D10)) -> 0 | J10: =IF(C10="","",$I$27) -> 20.545852 | K10: =IF(C10="","",$H$27) -> 0.023252909 | L10: =IFERROR(IF(C10="","",I10/J10),0) -> 0 | M10: =IF(C10="","",1-K10) -> 0.97674709 | N10: =IF(C10="","",L10*M10) -> 0 | O10: =IF(C10="","",H10+N10) -> 0 | P10: =IFERROR(IF(C10="","",$P$4*R10/$R$4),0) -> 0 | Q10: =IF(Διαμερίσματα!I11="","",Διαμερίσματα!I11) -> Ιδιοκτήτης-6 | R10: =IF(C10="","",IFERROR(O10*$R$4,0)) -> 0
A11: =IF(B11="","",A10+1) -> 7 | B11: =IF(Διαμερίσματα!B12="","",Διαμερίσματα!B12) -> Α4 | C11: =IF(Διαμερίσματα!R12="","",Διαμερίσματα!R12) -> 0.33 | D11: =IF(Διαμερίσματα!Q12="","",Διαμερίσματα!Q12) -> 0.039393616 | E11: =$E$5 -> 1 | F11: =IFERROR(HLOOKUP(ΣΤΟΙΧΕΙΑ!$C$11,Ώρες!$D$29:$P$52,2+A11,FALSE),0) -> 0 | G11: =IF(C11="","",C11*D11) -> 0.012999893 | H11: =IF(C11="","",C11*D11*((1-E11)/1)) -> 0 | I11: =IF(D11="","",IF(F11="",0,F11*D11)) -> 0 | J11: =IF(C11="","",$I$27) -> 20.545852 | K11: =IF(C11="","",$H$27) -> 0.023252909 | L11: =IFERROR(IF(C11="","",I11/J11),0) -> 0 | M11: =IF(C11="","",1-K11) -> 0.97674709 | N11: =IF(C11="","",L11*M11) -> 0 | O11: =IF(C11="","",H11+N11) -> 0 | P11: =IFERROR(IF(C11="","",$P$4*R11/$R$4),0) -> 0 | Q11: =IF(Διαμερίσματα!I12="","",Διαμερίσματα!I12) -> Ιδιοκτήτης-7 | R11: =IF(C11="","",IFERROR(O11*$R$4,0)) -> 0
A12: =IF(B12="","",A11+1) -> 8 | B12: =IF(Διαμερίσματα!B13="","",Διαμερίσματα!B13) -> Β1 | C12: =IF(Διαμερίσματα!R13="","",Διαμερίσματα!R13) -> 0.41 | D12: =IF(Διαμερίσματα!Q13="","",Διαμερίσματα!Q13) -> 0.069392548 | E12: =$E$5 -> 1 | F12: =IFERROR(HLOOKUP(ΣΤΟΙΧΕΙΑ!$C$11,Ώρες!$D$29:$P$52,2+A12,FALSE),0) -> 21 | G12: =IF(C12="","",C12*D12) -> 0.028450945 | H12: =IF(C12="","",C12*D12*((1-E12)/1)) -> 0 | I12: =IF(D12="","",IF(F12="",0,F12*D12)) -> 1.4572435 | J12: =IF(C12="","",$I$27) -> 20.545852 | K12: =IF(C12="","",$H$27) -> 0.023252909 | L12: =IFERROR(IF(C12="","",I12/J12),0) -> 0.070926408 | M12: =IF(C12="","",1-K12) -> 0.97674709 | N12: =IF(C12="","",L12*M12) -> 0.069277163 | O12: =IF(C12="","",H12+N12) -> 0.069277163 | P12: =IFERROR(IF(C12="","",$P$4*R12/$R$4),0) -> 58.234383 | Q12: =IF(Διαμερίσματα!I13="","",Διαμερίσματα!I13) -> Ιδιοκτήτης-8 | R12: =IF(C12="","",IFERROR(O12*$R$4,0)) -> 48.494014
A13: =IF(B13="","",A12+1) -> 9 | B13: =IF(Διαμερίσματα!B14="","",Διαμερίσματα!B14) -> Β2 | C13: =IF(Διαμερίσματα!R14="","",Διαμερίσματα!R14) -> 0.35 | D13: =IF(Διαμερίσματα!Q14="","",Διαμερίσματα!Q14) -> 0.075904772 | E13: =$E$5 -> 1 | F13: =IFERROR(HLOOKUP(ΣΤΟΙΧΕΙΑ!$C$11,Ώρες!$D$29:$P$52,2+A13,FALSE),0) -> 12 | G13: =IF(C13="","",C13*D13) -> 0.02656667 | H13: =IF(C13="","",C13*D13*((1-E13)/1)) -> 0 | I13: =IF(D13="","",IF(F13="",0,F13*D13)) -> 0.91085726 | J13: =IF(C13="","",$I$27) -> 20.545852 | K13: =IF(C13="","",$H$27) -> 0.023252909 | L13: =IFERROR(IF(C13="","",I13/J13),0) -> 0.044332902 | M13: =IF(C13="","",1-K13) -> 0.97674709 | N13: =IF(C13="","",L13*M13) -> 0.043302033 | O13: =IF(C13="","",H13+N13) -> 0.043302033 | P13: =IFERROR(IF(C13="","",$P$4*R13/$R$4),0) -> 36.399689 | Q13: =IF(Διαμερίσματα!I14="","",Διαμερίσματα!I14) -> Ιδιοκτήτης-9 | R13: =IF(C13="","",IFERROR(O13*$R$4,0)) -> 30.311423
A14: =IF(B14="","",A13+1) -> 10 | B14: =IF(Διαμερίσματα!B15="","",Διαμερίσματα!B15) -> Β3 | C14: =IF(Διαμερίσματα!R15="","",Διαμερίσματα!R15) -> 0.35 | D14: =IF(Διαμερίσματα!Q15="","",Διαμερίσματα!Q15) -> 0.067257393 | E14: =$E$5 -> 1 | F14: =IFERROR(HLOOKUP(ΣΤΟΙΧΕΙΑ!$C$11,Ώρες!$D$29:$P$52,2+A14,FALSE),0) -> 60 | G14: =IF(C14="","",C14*D14) -> 0.023540088 | H14: =IF(C14="","",C14*D14*((1-E14)/1)) -> 0 | I14: =IF(D14="","",IF(F14="",0,F14*D14)) -> 4.0354436 | J14: =IF(C14="","",$I$27) -> 20.545852 | K14: =IF(C14="","",$H$27) -> 0.023252909 | L14: =IFERROR(IF(C14="","",I14/J14),0) -> 0.19641159 | M14: =IF(C14="","",1-K14) -> 0.97674709 | N14: =IF(C14="","",L14*M14) -> 0.19184445 | O14: =IF(C14="","",H14+N14) -> 0.19184445 | P14: =IFERROR(IF(C14="","",$P$4*R14/$R$4),0) -> 161.26445 | Q14: =IF(Διαμερίσματα!I15="","",Διαμερίσματα!I15) -> Ιδιοκτήτης-10 | R14: =IF(C14="","",IFERROR(O14*$R$4,0)) -> 134.29112
A15: =IF(B15="","",A14+1) -> 11 | B15: =IF(Διαμερίσματα!B16="","",Διαμερίσματα!B16) -> Β4 | C15: =IF(Διαμερίσματα!R16="","",Διαμερίσματα!R16) -> 0.25 | D15: =IF(Διαμερίσματα!Q16="","",Διαμερίσματα!Q16) -> 0 | E15: =$E$5 -> 1 | F15: =IFERROR(HLOOKUP(ΣΤΟΙΧΕΙΑ!$C$11,Ώρες!$D$29:$P$52,2+A15,FALSE),0) -> 72 | G15: =IF(C15="","",C15*D15) -> 0 | H15: =IF(C15="","",C15*D15*((1-E15)/1)) -> 0 | I15: =IF(D15="","",IF(F15="",0,F15*D15)) -> 0 | J15: =IF(C15="","",$I$27) -> 20.545852 | K15: =IF(C15="","",$H$27) -> 0.023252909 | L15: =IFERROR(IF(C15="","",I15/J15),0) -> 0 | M15: =IF(C15="","",1-K15) -> 0.97674709 | N15: =IF(C15="","",L15*M15) -> 0 | O15: =IF(C15="","",H15+N15) -> 0 | P15: =IFERROR(IF(C15="","",$P$4*R15/$R$4),0) -> 0 | Q15: =IF(Διαμερίσματα!I16="","",Διαμερίσματα!I16) -> Ιδιοκτήτης-11 | R15: =IF(C15="","",IFERROR(O15*$R$4,0)) -> 0
A16: =IF(B16="","",A15+1) -> 12 | B16: =IF(Διαμερίσματα!B17="","",Διαμερίσματα!B17) -> Γ1 | C16: =IF(Διαμερίσματα!R17="","",Διαμερίσματα!R17) -> 0.25 | D16: =IF(Διαμερίσματα!Q17="","",Διαμερίσματα!Q17) -> 0.032774634 | E16: =$E$5 -> 1 | F16: =IFERROR(HLOOKUP(ΣΤΟΙΧΕΙΑ!$C$11,Ώρες!$D$29:$P$52,2+A16,FALSE),0) -> 0 | G16: =IF(C16="","",C16*D16) -> 0.0081936586 | H16: =IF(C16="","",C16*D16*((1-E16)/1)) -> 0 | I16: =IF(D16="","",IF(F16="",0,F16*D16)) -> 0 | J16: =IF(C16="","",$I$27) -> 20.545852 | K16: =IF(C16="","",$H$27) -> 0.023252909 | L16: =IFERROR(IF(C16="","",I16/J16),0) -> 0 | M16: =IF(C16="","",1-K16) -> 0.97674709 | N16: =IF(C16="","",L16*M16) -> 0 | O16: =IF(C16="","",H16+N16) -> 0 | P16: =IFERROR(IF(C16="","",$P$4*R16/$R$4),0) -> 0 | Q16: =IF(Διαμερίσματα!I17="","",Διαμερίσματα!I17) -> Ιδιοκτήτης-12 | R16: =IF(C16="","",IFERROR(O16*$R$4,0)) -> 0
A17: =IF(B17="","",A16+1) -> 13 | B17: =IF(Διαμερίσματα!B18="","",Διαμερίσματα!B18) -> Γ2 | C17: =IF(Διαμερίσματα!R18="","",Διαμερίσματα!R18) -> 0.25 | D17: =IF(Διαμερίσματα!Q18="","",Διαμερίσματα!Q18) -> 0.033201665 | E17: =$E$5 -> 1 | F17: =IFERROR(HLOOKUP(ΣΤΟΙΧΕΙΑ!$C$11,Ώρες!$D$29:$P$52,2+A17,FALSE),0) -> 0 | G17: =IF(C17="","",C17*D17) -> 0.0083004164 | H17: =IF(C17="","",C17*D17*((1-E17)/1)) -> 0 | I17: =IF(D17="","",IF(F17="",0,F17*D17)) -> 0 | J17: =IF(C17="","",$I$27) -> 20.545852 | K17: =IF(C17="","",$H$27) -> 0.023252909 | L17: =IFERROR(IF(C17="","",I17/J17),0) -> 0 | M17: =IF(C17="","",1-K17) -> 0.97674709 | N17: =IF(C17="","",L17*M17) -> 0 | O17: =IF(C17="","",H17+N17) -> 0 | P17: =IFERROR(IF(C17="","",$P$4*R17/$R$4),0) -> 0 | Q17: =IF(Διαμερίσματα!I18="","",Διαμερίσματα!I18) -> Ιδιοκτήτης-13 | R17: =IF(C17="","",IFERROR(O17*$R$4,0)) -> 0
A18: =IF(B18="","",A17+1) -> 14 | B18: =IF(Διαμερίσματα!B19="","",Διαμερίσματα!B19) -> Γ3 | C18: =IF(Διαμερίσματα!R19="","",Διαμερίσματα!R19) -> 0.25 | D18: =IF(Διαμερίσματα!Q19="","",Διαμερίσματα!Q19) -> 0.033201665 | E18: =$E$5 -> 1 | F18: =IFERROR(HLOOKUP(ΣΤΟΙΧΕΙΑ!$C$11,Ώρες!$D$29:$P$52,2+A18,FALSE),0) -> 0 | G18: =IF(C18="","",C18*D18) -> 0.0083004164 | H18: =IF(C18="","",C18*D18*((1-E18)/1)) -> 0 | I18: =IF(D18="","",IF(F18="",0,F18*D18)) -> 0 | J18: =IF(C18="","",$I$27) -> 20.545852 | K18: =IF(C18="","",$H$27) -> 0.023252909 | L18: =IFERROR(IF(C18="","",I18/J18),0) -> 0 | M18: =IF(C18="","",1-K18) -> 0.97674709 | N18: =IF(C18="","",L18*M18) -> 0 | O18: =IF(C18="","",H18+N18) -> 0 | P18: =IFERROR(IF(C18="","",$P$4*R18/$R$4),0) -> 0 | Q18: =IF(Διαμερίσματα!I19="","",Διαμερίσματα!I19) -> Ιδιοκτήτης-14 | R18: =IF(C18="","",IFERROR(O18*$R$4,0)) -> 0
A19: =IF(B19="","",A18+1) -> 15 | B19: =IF(Διαμερίσματα!B20="","",Διαμερίσματα!B20) -> Γ4 | C19: =IF(Διαμερίσματα!R20="","",Διαμερίσματα!R20) -> 0.25 | D19: =IF(Διαμερίσματα!Q20="","",Διαμερίσματα!Q20) -> 0.033201665 | E19: =$E$5 -> 1 | F19: =IFERROR(HLOOKUP(ΣΤΟΙΧΕΙΑ!$C$11,Ώρες!$D$29:$P$52,2+A19,FALSE),0) -> 0 | G19: =IF(C19="","",C19*D19) -> 0.0083004164 | H19: =IF(C19="","",C19*D19*((1-E19)/1)) -> 0 | I19: =IF(D19="","",IF(F19="",0,F19*D19)) -> 0 | J19: =IF(C19="","",$I$27) -> 20.545852 | K19: =IF(C19="","",$H$27) -> 0.023252909 | L19: =IFERROR(IF(C19="","",I19/J19),0) -> 0 | M19: =IF(C19="","",1-K19) -> 0.97674709 | N19: =IF(C19="","",L19*M19) -> 0 | O19: =IF(C19="","",H19+N19) -> 0 | P19: =IFERROR(IF(C19="","",$P$4*R19/$R$4),0) -> 0 | Q19: =IF(Διαμερίσματα!I20="","",Διαμερίσματα!I20) -> Ιδιοκτήτης-15 | R19: =IF(C19="","",IFERROR(O19*$R$4,0)) -> 0
... A26: =IF(B26="","",A25+1) -> 22 | B26: =IF(Διαμερίσματα!B27="","",Διαμερίσματα!B27) -> Ε3 | C26: =IF(Διαμερίσματα!R27="","",Διαμερίσματα!R27) -> 0.25 | D26: =IF(Διαμερίσματα!Q27="","",Διαμερίσματα!Q27) -> 0 | E26: =$E$5 -> 1 | F26: =IFERROR(HLOOKUP(ΣΤΟΙΧΕΙΑ!$C$11,Ώρες!$D$29:$P$52,2+A26,FALSE),0) -> 0 | G26: =IF(C26="","",C26*D26) -> 0 | H26: =IF(C26="","",C26*D26*((1-E26)/1)) -> 0 | I26: =IF(D26="","",IF(F26="",0,F26*D26)) -> 0 | J26: =IF(C26="","",$I$27) -> 20.545852 | K26: =IF(C26="","",$H$27) -> 0.023252909 | L26: =IFERROR(IF(C26="","",I26/J26),0) -> 0 | M26: =IF(C26="","",1-K26) -> 0.97674709 | N26: =IF(C26="","",L26*M26) -> 0 | O26: =IF(C26="","",H26+N26) -> 0 | P26: =IFERROR(IF(C26="","",$P$4*R26/$R$4),0) -> 0 | Q26: =IF(Διαμερίσματα!I27="","",Διαμερίσματα!I27) -> Ιδιοκτήτης-22 | R26: =IF(C26="","",IFERROR(O26*$R$4,0)) -> 0
A27: ΣΥΝΟΛΑ | C27: =SUM(C5:C26) -> 6.64 | D27: =SUM(D5:D26) -> 1 | E27: fi*εi | F27: =SUM(F5:F26) -> 387 | G27: =SUM(G5:G26) -> 0.32492794 | H27: =SUM(H5:H26) -> 0.023252909 | I27: =SUM(I5:I26) -> 20.545852 | P27: =SUM(P5:P26) -> 840.6 | R27: =SUM(R5:R26) -> 700
A29: Επιστροφή στην ΠΛΟΗΓΗΣΗ

Sheet Δαπάνες
C1: =ΣΤΟΙΧΕΙΑ!C5 -> Δ Α Π Α Ν Ε Σ : | D1: =ΣΤΟΙΧΕΙΑ!C11 -> 40878
A2: =ΣΤΟΙΧΕΙΑ!C2 -> Πολυκατοικία : | C2: =ΣΤΟΙΧΕΙΑ!C12 -> Διευθύνση 123 | D2: =ΣΤΟΙΧΕΙΑ!C13 -> Νεάπολη - ΑΤΤΙΚΗΣ.
A3: =ΣΤΟΙΧΕΙΑ!C7 -> Επεξεργασία: Φ.Τσιρίδης, 6977-66.66.99 | D3: =ΣΤΟΙΧΕΙΑ!C8 -> Διαχειριστής: Φ.Διαχειριστίδης, 697-1234567
A5: Επιστροφή στην ΠΛΟΗΓΗΣΗ
A7: Α/Α | B7: Κωδικός | C7: Κατηγορία | D7: Αιτιολογία Δαπάνης | E7: Στήλη Χιλιοστών | F7: Ολική Δαπάνη
A8: 1 | B8: =A8+1 -> 2 | C8: =B8+1 -> 3 | D8: =C8+1 -> 4 | E8: =D8+1 -> 5 | F8: =E8+1 -> 6
A9: =IF(B9="","",1) -> 1 | B9: Α1 | C9: Γενικά Κοινόχρηστα | D9: ΔΕΗ Κοινόχρηστων Χώρων | E9: 14 | F9: =IF(HLOOKUP(ΣΤΟΙΧΕΙΑ!$C$11,ΣΤΟΙΧΕΙΑ!$A$23:$P$36,2+Δαπάνες!A9,FALSE)=0,"",HLOOKUP(ΣΤΟΙΧΕΙΑ!$C$11,ΣΤΟΙΧΕΙΑ!$A$23:$P$36,2+Δαπάνες!A9,FALSE)) -> 100
A10: =IF(B10="","",A9+1) -> 2 | B10: Α2 | D10: Καθαρισμός Κοινόχρηστων Χώρων | E10: 14 | F10: =IF(HLOOKUP(ΣΤΟΙΧΕΙΑ!$C$11,ΣΤΟΙΧΕΙΑ!$A$23:$P$36,2+Δαπάνες!A10,FALSE)=0,"",HLOOKUP(ΣΤΟΙΧΕΙΑ!$C$11,ΣΤΟΙΧΕΙΑ!$A$23:$P$36,2+Δαπάνες!A10,FALSE)) -> 70
A11: =IF(B11="","",A10+1) -> 3 | B11: Α3 | D11: Υλικά Αναλώσιμα (Λάμπες κλπ) | E11: 14 | F11: =IF(HLOOKUP(ΣΤΟΙΧΕΙΑ!$C$11,ΣΤΟΙΧΕΙΑ!$A$23:$P$36,2+Δαπάνες!A11,FALSE)=0,"",HLOOKUP(ΣΤΟΙΧΕΙΑ!$C$11,ΣΤΟΙΧΕΙΑ!$A$23:$P$36,2+Δαπάνες!A11,FALSE)) -> 10
A12: =IF(B12="","",A11+1) -> 4 | B12: Β1 | C12: Ανελκυστήρας | D12: Συντήρηση Ανελκυστήρα | E12: 12 | F12: =IF(HLOOKUP(ΣΤΟΙΧΕΙΑ!$C$11,ΣΤΟΙΧΕΙΑ!$A$23:$P$36,2+Δαπάνες!A12,FALSE)=0,"",HLOOKUP(ΣΤΟΙΧΕΙΑ!$C$11,ΣΤΟΙΧΕΙΑ!$A$23:$P$36,2+Δαπάνες!A12,FALSE)) -> 50
A13: =IF(B13="","",A12+1) -> 5 | B13: Γ1 | C13: Έξοδα Κήπου | D13: Συντήρηση Κήπου | E13: 13 | F13: =IF(HLOOKUP(ΣΤΟΙΧΕΙΑ!$C$11,ΣΤΟΙΧΕΙΑ!$A$23:$P$36,2+Δαπάνες!A13,FALSE)=0,"",HLOOKUP(ΣΤΟΙΧΕΙΑ!$C$11,ΣΤΟΙΧΕΙΑ!$A$23:$P$36,2+Δαπάνες!A13,FALSE)) -> 60
A14: =IF(B14="","",A13+1) -> 6 | B14: Γ2 | D14: ΕΥΔΑΠ (Νερό) Κοινόχρηστων Χώρων | E14: 13 | F14: =IF(HLOOKUP(ΣΤΟΙΧΕΙΑ!$C$11,ΣΤΟΙΧΕΙΑ!$A$23:$P$36,2+Δαπάνες!A14,FALSE)=0,"",HLOOKUP(ΣΤΟΙΧΕΙΑ!$C$11,ΣΤΟΙΧΕΙΑ!$A$23:$P$36,2+Δαπάνες!A14,FALSE)) -> 20
A15: =IF(B15="","",A14+1) -> 7 | B15: Δ1 | C15: Θέρμανση | D15: Πετρέλαιο Αυτόνομης Θέρμανσης | E15: "Θέρμανση" | F15: =Θέρμανση!R4 -> 700
A16: =IF(B16="","",A15+1) -> 8 | B16: Δ2 | D16: Συντήρηση Καυστήρα | E16: 16 | F16: =IF(HLOOKUP(ΣΤΟΙΧΕΙΑ!$C$11,ΣΤΟΙΧΕΙΑ!$A$23:$P$36,2+Δαπάνες!A16,FALSE)=0,"",HLOOKUP(ΣΤΟΙΧΕΙΑ!$C$11,ΣΤΟΙΧΕΙΑ!$A$23:$P$36,2+Δαπάνες!A16,FALSE)) -> 70
A17: =IF(B17="","",A16+1) -> 9 | B17: Ε1 | C17: Έξοδα Ιδιοκτητών | D17: Συντήρηση Πολυκατοικίας | E17: 13 | F17: =IF(HLOOKUP(ΣΤΟΙΧΕΙΑ!$C$11,ΣΤΟΙΧΕΙΑ!$A$23:$P$36,2+Δαπάνες!A17,FALSE)=0,"",HLOOKUP(ΣΤΟΙΧΕΙΑ!$C$11,ΣΤΟΙΧΕΙΑ!$A$23:$P$36,2+Δαπάνες!A17,FALSE)) -> 100
A18: =IF(B18="","",A17+1) -> 10 | B18: Ζ1 | C18: Λοιπά Έξοδα | D18: Πάγιο Αποθεματικό | E18: 13 | F18: =IF(HLOOKUP(ΣΤΟΙΧΕΙΑ!$C$11,ΣΤΟΙΧΕΙΑ!$A$23:$P$36,2+Δαπάνες!A18,FALSE)=0,"",HLOOKUP(ΣΤΟΙΧΕΙΑ!$C$11,ΣΤΟΙΧΕΙΑ!$A$23:$P$36,2+Δαπάνες!A18,FALSE)) -> 200
A19: =IF(B19="","",A18+1) -> 11 | B19: Η1 | C19: Διαχείριση | D19: Αμοιβή Διαχειριστή | E19: 13 | F19: =IF(HLOOKUP(ΣΤΟΙΧΕΙΑ!$C$11,ΣΤΟΙΧΕΙΑ!$A$23:$P$36,2+Δαπάνες!A19,FALSE)=0,"",HLOOKUP(ΣΤΟΙΧΕΙΑ!$C$11,ΣΤΟΙΧΕΙΑ!$A$23:$P$36,2+Δαπάνες!A19,FALSE)) -> 80
A20: =IF(B20="","",A19+1) -> 12 | B20: Η2 | D20: Έκδοση Κοινοχρήστων | E20: Σε ίσα μέρη | F20: =IF(HLOOKUP(ΣΤΟΙΧΕΙΑ!$C$11,ΣΤΟΙΧΕΙΑ!$A$23:$P$36,2+Δαπάνες!A20,FALSE)=0,"",HLOOKUP(ΣΤΟΙΧΕΙΑ!$C$11,ΣΤΟΙΧΕΙΑ!$A$23:$P$36,2+Δαπάνες!A20,FALSE)) -> 20
A21: 13 | B21: Σ Υ Ν Ο Λ Α | F21: =SUM(F9:F20) -> 1480
A22: 14
A23: 16

Sheet 1-2
D1: =ΣΤΟΙΧΕΙΑ!$C$3 -> Κ Ο Ι Ν Ο Χ Ρ Η Σ Τ Α : | F1: =ΣΤΟΙΧΕΙΑ!$C$11 -> 40878
C2: =ΣΤΟΙΧΕΙΑ!$C$2 -> Πολυκατοικία : | D2: =ΣΤΟΙΧΕΙΑ!$C$12 -> Διευθύνση 123 | E2: =ΣΤΟΙΧΕΙΑ!$C$13 -> Νεάπολη - ΑΤΤΙΚΗΣ.
A3: =ΣΤΟΙΧΕΙΑ!$C$7 -> Επεξεργασία: Φ.Τσιρίδης, 6977-66.66.99 | D3: =IF(A5="","",IF(INDIRECT(ADDRESS(B5,9,3,,"Διαμερίσματα"))="","",(VLOOKUP(A5,Θέρμανση!$A$5:$H$26,8))*E15)) -> 0 | E3: =ΣΤΟΙΧΕΙΑ!$C$8 -> Διαχειριστής: Φ.Διαχειριστίδης, 697-1234567
A4: =4+A5 -> 5 | C4: Ιδιοκτήτης: | D4: =IF(A5="","",IF(INDIRECT(ADDRESS(B5,6,3,,"Διαμερίσματα"))="","",VLOOKUP(A5,Διαμερίσματα!$A$6:$N$27,6))) -> Ιδιοκτήτης-1 | E4: Τηλέφωνο: | F4: =IF(A5="","",IF(INDIRECT(ADDRESS(B5,7,3,,"Διαμερίσματα"))="","",VLOOKUP(A5,Διαμερίσματα!$A$6:$N$27,7)))
A5: =Διαμερίσματα!$A$6 -> 1 | B5: =5+A5 -> 6 | C5: Ένοικος: | D5: =IF(A5="","",IF(INDIRECT(ADDRESS(B5,9,3,,"Διαμερίσματα"))="","",VLOOKUP(A5,Διαμερίσματα!$A$6:$N$27,9))) -> Ιδιοκτήτης-1 | E5: Τηλέφωνο: | F5: =IF(A5="","",IF(INDIRECT(ADDRESS(B5,10,3,,"Διαμερίσματα"))="","",VLOOKUP(A5,Διαμερίσματα!$A$6:$N$27,10)))
A6: =IF(A5="","",IF(INDIRECT(ADDRESS(B5,2,3,,"Διαμερίσματα"))="","",VLOOKUP(A5,Διαμερίσματα!$A$6:$N$27,2))) -> Κ1 | C6: =IF(A5="","",IF(INDIRECT(ADDRESS(B5,3,3,,"Διαμερίσματα"))="","",VLOOKUP(A5,Διαμερίσματα!$A$6:$N$27,3))) | D6: Όροφος : | E6: =IF(A5="","",IF(INDIRECT(ADDRESS(B5,4,3,,"Διαμερίσματα"))="","",VLOOKUP(A5,Διαμερίσματα!$A$6:$N$27,4))) -> Ισ | F6: =IF(A5="","",IF(INDIRECT(ADDRESS(B5,5,3,,"Διαμερίσματα"))="","",VLOOKUP(A5,Διαμερίσματα!$A$6:$N$27,5))) -> 50 | G6: τ.μ.
A7: Α/Α | B7: Κωδικός | C7: Κατηγορία | D7: Αιτιολογία | E7: Ολική Δαπάνη | F7: Χιλιοστά | G7: Πληρωτέο Ποσό
A8: 1 | B8: 2 | C8: 3 | D8: 4 | E8: 5 | F8: 6 | G8: 7
A9: =IF(B9="","",1) -> 1 | B9: =Δαπάνες!$B$9 -> Α1 | C9: =Δαπάνες!$C$9 -> Γενικά Κοινόχρηστα | D9: =Δαπάνες!$D$9 -> ΔΕΗ Κοινόχρηστων Χώρων | E9: =IF(Δαπάνες!$F$9="","",Δαπάνες!$F$9) -> 100 | F9: =IF(E9="","",IF($A$5="","",IF(INDIRECT(ADDRESS($B$5,14,3,,"Διαμερίσματα"))="","",VLOOKUP($A$5,Διαμερίσματα!$A$6:$N$27,Δαπάνες!E9)))) -> 33.401609 | G9: =IF(E9="","",E9*F9/1000) -> 3.3401609
A10: =IF(B10="","",A9+1) -> 2 | B10: =Δαπάνες!$B$10 -> Α2 | D10: =Δαπάνες!$D$10 -> Καθαρισμός Κοινόχρηστων Χώρων | E10: =IF(Δαπάνες!$F$10="","",Δαπάνες!$F$10) -> 70 | F10: =IF(E10="","",IF($A$5="","",IF(INDIRECT(ADDRESS($B$5,14,3,,"Διαμερίσματα"))="","",VLOOKUP($A$5,Διαμερίσματα!$A$6:$N$27,Δαπάνες!E10)))) -> 33.401609 | G10: =IF(E10="","",E10*F10/1000) -> 2.3381126
A11: =IF(B11="","",A10+1) -> 3 | B11: =Δαπάνες!$B$11 -> Α3 | D11: =Δαπάνες!$D$11 -> Υλικά Αναλώσιμα (Λάμπες κλπ) | E11: =IF(Δαπάνες!$F$11="","",Δαπάνες!$F$11) -> 10 | F11: =IF(E11="","",IF($A$5="","",IF(INDIRECT(ADDRESS($B$5,14,3,,"Διαμερίσματα"))="","",VLOOKUP($A$5,Διαμερίσματα!$A$6:$N$27,Δαπάνες!E11)))) -> 33.401609 | G11: =IF(E11="","",E11*F11/1000) -> 0.33401609
A12: =IF(B12="","",A11+1) -> 4 | B12: =Δαπάνες!$B$12 -> Β1 | C12: =Δαπάνες!$C$12 -> Ανελκυστήρας | D12: =Δαπάνες!$D$12 -> Συντήρηση Ανελκυστήρα | E12: =IF(Δαπάνες!$F$12="","",Δαπάνες!$F$12) -> 50 | F12: =IF(E12="","",IF($A$5="","",IF(INDIRECT(ADDRESS($B$5,12,3,,"Διαμερίσματα"))="","",VLOOKUP($A$5,Διαμερίσματα!$A$6:$N$27,Δαπάνες!E12)))) -> 46.203247 | G12: =IF(E12="","",E12*F12/1000) -> 2.3101624
A13: =IF(B13="","",A12+1) -> 5 | B13: =Δαπάνες!$B$13 -> Γ1 | C13: =Δαπάνες!$C$13 -> Έξοδα Κήπου | D13: =Δαπάνες!$D$13 -> Συντήρηση Κήπου | E13: =IF(Δαπάνες!$F$13="","",Δαπάνες!$F$13) -> 60 | F13: =IF(E13="","",IF($A$5="","",IF(INDIRECT(ADDRESS($B$5,13,3,,"Διαμερίσματα"))="","",VLOOKUP($A$5,Διαμερίσματα!$A$6:$N$27,Δαπάνες!E13)))) -> 64.648275 | G13: =IF(E13="","",E13*F13/1000) -> 3.8788965
A14: =IF(B14="","",A13+1) -> 6 | B14: =Δαπάνες!$B$14 -> Γ2 | D14: =Δαπάνες!$D$14 -> ΕΥΔΑΠ (Νερό) Κοινόχρηστων Χώρων | E14: =IF(Δαπάνες!$F$14="","",Δαπάνες!$F$14) -> 20 | F14: =IF(E14="","",IF($A$5="","",IF(INDIRECT(ADDRESS($B$5,13,3,,"Διαμερίσματα"))="","",VLOOKUP($A$5,Διαμερίσματα!$A$6:$N$27,Δαπάνες!E14)))) -> 64.648275 | G14: =IF(E14="","",E14*F14/1000) -> 1.2929655
A15: =IF(B15="","",A14+1) -> 7 | B15: =Δαπάνες!$B$15 -> Δ1 | C15: =Δαπάνες!$C$15 -> Θέρμανση | D15: =Δαπάνες!$D$15 -> Πετρέλαιο Αυτόνομης Θέρμανσης | E15: =IF(Δαπάνες!$F$15="","",Δαπάνες!$F$15) -> 700 | F15: =IF(E15="","",IF(A5="","",IF(HLOOKUP($F$1,Ώρες!$A$29:$P$52,A5+2)="","",HLOOKUP($F$1,Ώρες!$A$29:$P$52,A5+2)))) -> 0 | G15: =IF(A5="","",IF(INDIRECT(ADDRESS(A4,16,3,,"Θέρμανση"))="","",VLOOKUP(A5,Θέρμανση!$A$5:$R$26,18))) -> 0
A16: =IF(B16="","",A15+1) -> 8 | B16: =Δαπάνες!$B$16 -> Δ2 | D16: =Δαπάνες!$D$16 -> Συντήρηση Καυστήρα | E16: =IF(Δαπάνες!$F$16="","",Δαπάνες!$F$16) -> 70 | F16: =IF(E16="","",IF($A$5="","",IF(INDIRECT(ADDRESS($B$5,16,3,,"Διαμερίσματα"))="","",VLOOKUP($A$5,Διαμερίσματα!$A$6:$P$27,Δαπάνες!E16)))) -> 75.05071 | G16: =IF(E16="","",E16*F16/1000) -> 5.2535497
A17: =IF(B17="","",A16+1) -> 9 | B17: =Δαπάνες!$B$17 -> Ε1 | C17: =Δαπάνες!$C$17 -> Έξοδα Ιδιοκτητών | D17: =Δαπάνες!$D$17 -> Συντήρηση Πολυκατοικίας | E17: =IF(Δαπάνες!$F$17="","",Δαπάνες!$F$17) -> 100 | F17: =IF(E17="","",IF($A$5="","",IF(INDIRECT(ADDRESS($B$5,13,3,,"Διαμερίσματα"))="","",VLOOKUP($A$5,Διαμερίσματα!$A$6:$N$27,Δαπάνες!E17)))) -> 64.648275 | G17: =IF(E17="","",E17*F17/1000) -> 6.4648275
A18: =IF(B18="","",A17+1) -> 10 | B18: =Δαπάνες!$B$18 -> Ζ1 | C18: =Δαπάνες!$C$18 -> Λοιπά Έξοδα | D18: =Δαπάνες!$D$18 -> Πάγιο Αποθεματικό | E18: =IF(Δαπάνες!$F$18="","",Δαπάνες!$F$18) -> 200 | F18: =IF(E18="","",IF($A$5="","",IF(INDIRECT(ADDRESS($B$5,13,3,,"Διαμερίσματα"))="","",VLOOKUP($A$5,Διαμερίσματα!$A$6:$N$27,Δαπάνες!E18)))) -> 64.648275 | G18: =IF(E18="","",E18*F18/1000) -> 12.929655
A19: =IF(B19="","",A18+1) -> 11 | B19: =Δαπάνες!$B$19 -> Η1 | C19: =Δαπάνες!$C$19 -> Διαχείριση | D19: =Δαπάνες!$D$19 -> Αμοιβή Διαχειριστή | E19: =IF(Δαπάνες!$F$19="","",Δαπάνες!$F$19) -> 80 | F19: =IF(E19="","",IF($A$5="","",IF(INDIRECT(ADDRESS($B$5,13,3,,"Διαμερίσματα"))="","",VLOOKUP($A$5,Διαμερίσματα!$A$6:$N$27,Δαπάνες!E19)))) -> 64.648275 | G19: =IF(E19="","",E19*F19/1000) -> 5.171862
A20: =IF(B20="","",A19+1) -> 12 | B20: =Δαπάνες!$B$20 -> Η2 | D20: =Δαπάνες!$D$20 -> Έκδοση Κοινοχρήστων | E20: =IF(Δαπάνες!$F$20="","",Δαπάνες!$F$20) -> 20 | F20: =IF(E20="","",IF(Διαμερίσματα!C6="",1000/Διαμερίσματα!$D$28,Διαμερίσματα!$B$30*10/Διαμερίσματα!$D$28)) -> 50 | G20: =IF(E20="","",E20*F20/1000) -> 1
A21: Σ Υ Ν Ο Λ Α (Πληρωτέο, με απόκλιση 0,5 €, λόγω στρογγυλοποίησης) | E21: =SUM(E9:E20) -> 1480 | G21: =SUM(G9:G20) -> 44.314208
A22: =IFERROR(VLOOKUP(F1,Σχόλια!$A$4:$C$16,2,FALSE),0) -> Έγινε συντήρηση του καυστήρα.
A23: =IFERROR(VLOOKUP(F1,Σχόλια!$A$4:$C$16,3,FALSE),0) -> Η συντήρηση του Ανελκυστήρα, από 55€*12μήνες, έγινε 55€*8μήνες.
E25: Επιστροφή στην ΠΛΟΗΓΗΣΗ
D26: =ΣΤΟΙΧΕΙΑ!$C$3 -> Κ Ο Ι Ν Ο Χ Ρ Η Σ Τ Α : | F26: =ΣΤΟΙΧΕΙΑ!$C$11 -> 40878
C27: =ΣΤΟΙΧΕΙΑ!$C$2 -> Πολυκατοικία : | D27: =ΣΤΟΙΧΕΙΑ!$C$12 -> Διευθύνση 123 | E27: =ΣΤΟΙΧΕΙΑ!$C$13 -> Νεάπολη - ΑΤΤΙΚΗΣ.
A28: =ΣΤΟΙΧΕΙΑ!$C$7 -> Επεξεργασία: Φ.Τσιρίδης, 6977-66.66.99 | D28: =IF(A30="","",IF(INDIRECT(ADDRESS(B30,9,3,,"Διαμερίσματα"))="","",(VLOOKUP(A30,Θέρμανση!$A$5:$H$26,8))*E40)) -> 9.1612042 | E28: =ΣΤΟΙΧΕΙΑ!$C$8 -> Διαχειριστής: Φ.Διαχειριστίδης, 697-1234567
A29: =4+A30 -> 6 | C29: Ιδιοκτήτης: | D29: =IF(A30="","",IF(INDIRECT(ADDRESS(B30,6,3,,"Διαμερίσματα"))="","",VLOOKUP(A30,Διαμερίσματα!$A$6:$N$27,6))) -> Ιδιοκτήτης-2 | E29: Τηλέφωνο: | F29: =IF(A30="","",IF(INDIRECT(ADDRESS(B30,7,3,,"Διαμερίσματα"))="","",VLOOKUP(A30,Διαμερίσματα!$A$6:$N$27,7)))
A30: =A5+1 -> 2 | B30: =5+A30 -> 7 | C30: Ένοικος: | D30: =IF(A30="","",IF(INDIRECT(ADDRESS(B30,9,3,,"Διαμερίσματα"))="","",VLOOKUP(A30,Διαμερίσματα!$A$6:$N$27,9))) -> Ιδιοκτήτης-2 | E30: Τηλέφωνο: | F30: =IF(A30="","",IF(INDIRECT(ADDRESS(B30,10,3,,"Διαμερίσματα"))="","",VLOOKUP(A30,Διαμερίσματα!$A$6:$N$27,10)))
A31: =IF(A30="","",IF(INDIRECT(ADDRESS(B30,2,3,,"Διαμερίσματα"))="","",VLOOKUP(A30,Διαμερίσματα!$A$6:$N$27,2))) -> Κ2 | C31: =IF(A30="","",IF(INDIRECT(ADDRESS(B30,3,3,,"Διαμερίσματα"))="","",VLOOKUP(A30,Διαμερίσματα!$A$6:$N$27,3))) | D31: Όροφος : | E31: =IF(A30="","",IF(INDIRECT(ADDRESS(B30,4,3,,"Διαμερίσματα"))="","",VLOOKUP(A30,Διαμερίσματα!$A$6:$N$27,4))) -> Ισ | F31: =IF(A30="","",IF(INDIRECT(ADDRESS(B30,5,3,,"Διαμερίσματα"))="","",VLOOKUP(A30,Διαμερίσματα!$A$6:$N$27,5))) -> 60 | G31: τ.μ.
A32: Α/Α | B32: Κωδικός | C32: Κατηγορία | D32: Αιτιολογία | E32: Ολική Δαπάνη | F32: Χιλιοστά | G32: Πληρωτέο Ποσό
A33: 1 | B33: 2 | C33: 3 | D33: 4 | E33: 5 | F33: 6 | G33: 7
A34: =IF(B34="","",1) -> 1 | B34: =Δαπάνες!$B$9 -> Α1 | C34: =Δαπάνες!$C$9 -> Γενικά Κοινόχρηστα | D34: =Δαπάνες!$D$9 -> ΔΕΗ Κοινόχρηστων Χώρων | E34: =IF(Δαπάνες!$F$9="","",Δαπάνες!$F$9) -> 100 | F34: =IF(E34="","",IF($A$30="","",IF(INDIRECT(ADDRESS($B$30,14,3,,"Διαμερίσματα"))="","",VLOOKUP($A$30,Διαμερίσματα!$A$6:$N$27,Δαπάνες!E9)))) -> 64.648275 | G34: =IF(E34="","",E34*F34/1000) -> 6.4648275
A35: =IF(B35="","",A34+1) -> 2 | B35: =Δαπάνες!$B$10 -> Α2 | D35: =Δαπάνες!$D$10 -> Καθαρισμός Κοινόχρηστων Χώρων | E35: =IF(Δαπάνες!$F$10="","",Δαπάνες!$F$10) -> 70 | F35: =IF(E35="","",IF($A$30="","",IF(INDIRECT(ADDRESS($B$30,14,3,,"Διαμερίσματα"))="","",VLOOKUP($A$30,Διαμερίσματα!$A$6:$N$27,Δαπάνες!E10)))) -> 64.648275 | G35: =IF(E35="","",E35*F35/1000) -> 4.5253792
A36: =IF(B36="","",A35+1) -> 3 | B36: =Δαπάνες!$B$11 -> Α3 | D36: =Δαπάνες!$D$11 -> Υλικά Αναλώσιμα (Λάμπες κλπ) | E36: =IF(Δαπάνες!$F$11="","",Δαπάνες!$F$11) -> 10 | F36: =IF(E36="","",IF($A$30="","",IF(INDIRECT(ADDRESS($B$30,14,3,,"Διαμερίσματα"))="","",VLOOKUP($A$30,Διαμερίσματα!$A$6:$N$27,Δαπάνες!E11)))) -> 64.648275 | G36: =IF(E36="","",E36*F36/1000) -> 0.64648275
A37: =IF(B37="","",A36+1) -> 4 | B37: =Δαπάνες!$B$12 -> Β1 | C37: =Δαπάνες!$C$12 -> Ανελκυστήρας | D37: =Δαπάνες!$D$12 -> Συντήρηση Ανελκυστήρα | E37: =IF(Δαπάνες!$F$12="","",Δαπάνες!$F$12) -> 50 | F37: =IF(E37="","",IF($A$30="","",IF(INDIRECT(ADDRESS($B$30,12,3,,"Διαμερίσματα"))="","",VLOOKUP($A$30,Διαμερίσματα!$A$6:$N$27,Δαπάνες!E12)))) -> 33.401609 | G37: =IF(E37="","",E37*F37/1000) -> 1.6700804
A38: =IF(B38="","",A37+1) -> 5 | B38: =Δαπάνες!$B$13 -> Γ1 | C38: =Δαπάνες!$C$13 -> Έξοδα Κήπου | D38: =Δαπάνες!$D$13 -> Συντήρηση Κήπου | E38: =IF(Δαπάνες!$F$13="","",Δαπάνες!$F$13) -> 60 | F38: =IF(E38="","",IF($A$30="","",IF(INDIRECT(ADDRESS($B$30,13,3,,"Διαμερίσματα"))="","",VLOOKUP($A$30,Διαμερίσματα!$A$6:$N$27,Δαπάνες!E13)))) -> 46.203247 | G38: =IF(E38="","",E38*F38/1000) -> 2.7721948
A39: =IF(B39="","",A38+1) -> 6 | B39: =Δαπάνες!$B$14 -> Γ2 | D39: =Δαπάνες!$D$14 -> ΕΥΔΑΠ (Νερό) Κοινόχρηστων Χώρων | E39: =IF(Δαπάνες!$F$14="","",Δαπάνες!$F$14) -> 20 | F39: =IF(E39="","",IF($A$30="","",IF(INDIRECT(ADDRESS($B$30,13,3,,"Διαμερίσματα"))="","",VLOOKUP($A$30,Διαμερίσματα!$A$6:$N$27,Δαπάνες!E14)))) -> 46.203247 | G39: =IF(E39="","",E39*F39/1000) -> 0.92406495
A40: =IF(B40="","",A39+1) -> 7 | B40: =Δαπάνες!$B$15 -> Δ1 | C40: =Δαπάνες!$C$15 -> Θέρμανση | D40: =Δαπάνες!$D$15 -> Πετρέλαιο Αυτόνομης Θέρμανσης | E40: =IF(Δαπάνες!$F$15="","",Δαπάνες!$F$15) -> 700 | F40: =IF(E40="","",IF(A30="","",IF(HLOOKUP($F$1,Ώρες!$A$29:$P$52,A30+2)="","",HLOOKUP($F$1,Ώρες!$A$29:$P$52,A30+2)))) -> 0 | G40: =IF(A30="","",IF(INDIRECT(ADDRESS(A29,16,3,,"Θέρμανση"))="","",VLOOKUP(A30,Θέρμανση!$A$5:$R$26,18))) -> 9.1612042
A41: =IF(B41="","",A40+1) -> 8 | B41: =Δαπάνες!$B$16 -> Δ2 | D41: =Δαπάνες!$D$16 -> Συντήρηση Καυστήρα | E41: =IF(Δαπάνες!$F$16="","",Δαπάνες!$F$16) -> 70 | F41: =IF(E41="","",IF($A$30="","",IF(INDIRECT(ADDRESS($B$30,16,3,,"Διαμερίσματα"))="","",VLOOKUP($A$30,Διαμερίσματα!$A$6:$P$27,Δαπάνες!E16)))) -> 63.841144 | G41: =IF(E41="","",E41*F41/1000) -> 4.4688801
A42: =IF(B42="","",A41+1) -> 9 | B42: =Δαπάνες!$B$17 -> Ε1 | C42: =Δαπάνες!$C$17 -> Έξοδα Ιδιοκτητών | D42: =Δαπάνες!$D$17 -> Συντήρηση Πολυκατοικίας | E42: =IF(Δαπάνες!$F$17="","",Δαπάνες!$F$17) -> 100 | F42: =IF(E42="","",IF($A$30="","",IF(INDIRECT(ADDRESS($B$30,13,3,,"Διαμερίσματα"))="","",VLOOKUP($A$30,Διαμερίσματα!$A$6:$N$27,Δαπάνες!E17)))) -> 46.203247 | G42: =IF(E42="","",E42*F42/1000) -> 4.6203247
A43: =IF(B43="","",A42+1) -> 10 | B43: =Δαπάνες!$B$18 -> Ζ1 | C43: =Δαπάνες!$C$18 -> Λοιπά Έξοδα | D43: =Δαπάνες!$D$18 -> Πάγιο Αποθεματικό | E43: =IF(Δαπάνες!$F$18="","",Δαπάνες!$F$18) -> 200 | F43: =IF(E43="","",IF($A$30="","",IF(INDIRECT(ADDRESS($B$30,13,3,,"Διαμερίσματα"))="","",VLOOKUP($A$30,Διαμερίσματα!$A$6:$N$27,Δαπάνες!E18)))) -> 46.203247 | G43: =IF(E43="","",E43*F43/1000) -> 9.2406495
A44: =IF(B44="","",A43+1) -> 11 | B44: =Δαπάνες!$B$19 -> Η1 | C44: =Δαπάνες!$C$19 -> Διαχείριση | D44: =Δαπάνες!$D$19 -> Αμοιβή Διαχειριστή | E44: =IF(Δαπάνες!$F$19="","",Δαπάνες!$F$19) -> 80 | F44: =IF(E44="","",IF($A$30="","",IF(INDIRECT(ADDRESS($B$30,13,3,,"Διαμερίσματα"))="","",VLOOKUP($A$30,Διαμερίσματα!$A$6:$N$27,Δαπάνες!E19)))) -> 46.203247 | G44: =IF(E44="","",E44*F44/1000) -> 3.6962598
A45: =IF(B45="","",A44+1) -> 12 | B45: =Δαπάνες!$B$20 -> Η2 | D45: =Δαπάνες!$D$20 -> Έκδοση Κοινοχρήστων | E45: =IF(Δαπάνες!$F$20="","",Δαπάνες!$F$20) -> 20 | F45: =IF(E45="","",IF(Διαμερίσματα!C7="",1000/Διαμερίσματα!$D$28,Διαμερίσματα!$B$30*10/Διαμερίσματα!$D$28)) -> 50 | G45: =IF(E45="","",E45*F45/1000) -> 1
A46: Σ Υ Ν Ο Λ Α (Πληρωτέο, με απόκλιση 0,5 €, λόγω στρογγυλοποίησης) | E46: =SUM(E34:E45) -> 1480 | G46: =SUM(G34:G45) -> 49.190348
A47: ='1-2'!$A$22:$G$22 -> Έγινε συντήρηση του καυστήρα.
A48: ='1-2'!$A$23:$G$23 -> Η συντήρηση του Ανελκυστήρα, από 55€*12μήνες, έγινε 55€*8μήνες.

Sheet 3-4
D1: =ΣΤΟΙΧΕΙΑ!$C$3 -> Κ Ο Ι Ν Ο Χ Ρ Η Σ Τ Α : | F1: =ΣΤΟΙΧΕΙΑ!$C$11 -> 40878
C2: =ΣΤΟΙΧΕΙΑ!$C$2 -> Πολυκατοικία : | D2: =ΣΤΟΙΧΕΙΑ!$C$12 -> Διευθύνση 123 | E2: =ΣΤΟΙΧΕΙΑ!$C$13 -> Νεάπολη - ΑΤΤΙΚΗΣ.
A3: =ΣΤΟΙΧΕΙΑ!$C$7 -> Επεξεργασία: Φ.Τσιρίδης, 6977-66.66.99 | D3: =IF(A5="","",IF(INDIRECT(ADDRESS(B5,9,3,,"Διαμερίσματα"))="","",(VLOOKUP(A5,Θέρμανση!$A$5:$H$26,8))*E15)) -> 7.1158322 | E3: =ΣΤΟΙΧΕΙΑ!$C$8 -> Διαχειριστής: Φ.Διαχειριστίδης, 697-1234567
A4: =4+A5 -> 7 | C4: Ιδιοκτήτης: | D4: =IF(A5="","",IF(INDIRECT(ADDRESS(B5,6,3,,"Διαμερίσματα"))="","",VLOOKUP(A5,Διαμερίσματα!$A$6:$N$27,6))) -> Ιδιοκτήτης-3 | E4: Τηλέφωνο: | F4: =IF(A5="","",IF(INDIRECT(ADDRESS(B5,7,3,,"Διαμερίσματα"))="","",VLOOKUP(A5,Διαμερίσματα!$A$6:$N$27,7)))
A5: =Διαμερίσματα!$A$8 -> 3 | B5: =5+A5 -> 8 | C5: Ένοικος: | D5: =IF(A5="","",IF(INDIRECT(ADDRESS(B5,9,3,,"Διαμερίσματα"))="","",VLOOKUP(A5,Διαμερίσματα!$A$6:$N$27,9))) -> Ιδιοκτήτης-3 | E5: Τηλέφωνο: | F5: =IF(A5="","",IF(INDIRECT(ADDRESS(B5,10,3,,"Διαμερίσματα"))="","",VLOOKUP(A5,Διαμερίσματα!$A$6:$N$27,10)))
A6: =IF(A5="","",IF(INDIRECT(ADDRESS(B5,2,3,,"Διαμερίσματα"))="","",VLOOKUP(A5,Διαμερίσματα!$A$6:$N$27,2))) -> Κ3 | C6: =IF(A5="","",IF(INDIRECT(ADDRESS(B5,3,3,,"Διαμερίσματα"))="","",VLOOKUP(A5,Διαμερίσματα!$A$6:$N$27,3))) | D6: Όροφος : | E6: =IF(A5="","",IF(INDIRECT(ADDRESS(B5,4,3,,"Διαμερίσματα"))="","",VLOOKUP(A5,Διαμερίσματα!$A$6:$N$27,4))) -> Ισ | F6: =IF(A5="","",IF(INDIRECT(ADDRESS(B5,5,3,,"Διαμερίσματα"))="","",VLOOKUP(A5,Διαμερίσματα!$A$6:$N$27,5))) -> 50 | G6: τ.μ.
A7: Α/Α | B7: Κωδικός | C7: Κατηγορία | D7: Αιτιολογία | E7: Ολική Δαπάνη | F7: Χιλιοστά | G7: Πληρωτέο Ποσό
A8: 1 | B8: 2 | C8: 3 | D8: 4 | E8: 5 | F8: 6 | G8: 7
A9: =IF(B9="","",1) -> 1 | B9: =Δαπάνες!$B$9 -> Α1 | C9: =Δαπάνες!$C$9 -> Γενικά Κοινόχρηστα | D9: =Δαπάνες!$D$9 -> ΔΕΗ Κοινόχρηστων Χώρων | E9: =IF(Δαπάνες!$F$9="","",Δαπάνες!$F$9) -> 100 | F9: =IF(E9="","",IF($A$5="","",IF(INDIRECT(ADDRESS($B$5,14,3,,"Διαμερίσματα"))="","",VLOOKUP($A$5,Διαμερίσματα!$A$6:$N$27,Δαπάνες!E9)))) -> 46.203247 | G9: =IF(E9="","",E9*F9/1000) -> 4.6203247
A10: =IF(B10="","",A9+1) -> 2 | B10: =Δαπάνες!$B$10 -> Α2 | D10: =Δαπάνες!$D$10 -> Καθαρισμός Κοινόχρηστων Χώρων | E10: =IF(Δαπάνες!$F$10="","",Δαπάνες!$F$10) -> 70 | F10: =IF(E10="","",IF($A$5="","",IF(INDIRECT(ADDRESS($B$5,14,3,,"Διαμερίσματα"))="","",VLOOKUP($A$5,Διαμερίσματα!$A$6:$N$27,Δαπάνες!E10)))) -> 46.203247 | G10: =IF(E10="","",E10*F10/1000) -> 3.2342273
A11: =IF(B11="","",A10+1) -> 3 | B11: =Δαπάνες!$B$11 -> Α3 | D11: =Δαπάνες!$D$11 -> Υλικά Αναλώσιμα (Λάμπες κλπ) | E11: =IF(Δαπάνες!$F$11="","",Δαπάνες!$F$11) -> 10 | F11: =IF(E11="","",IF($A$5="","",IF(INDIRECT(ADDRESS($B$5,14,3,,"Διαμερίσματα"))="","",VLOOKUP($A$5,Διαμερίσματα!$A$6:$N$27,Δαπάνες!E11)))) -> 46.203247 | G11: =IF(E11="","",E11*F11/1000) -> 0.46203247
A12: =IF(B12="","",A11+1) -> 4 | B12: =Δαπάνες!$B$12 -> Β1 | C12: =Δαπάνες!$C$12 -> Ανελκυστήρας | D12: =Δαπάνες!$D$12 -> Συντήρηση Ανελκυστήρα | E12: =IF(Δαπάνες!$F$12="","",Δαπάνες!$F$12) -> 50 | F12: =IF(E12="","",IF($A$5="","",IF(INDIRECT(ADDRESS($B$5,12,3,,"Διαμερίσματα"))="","",VLOOKUP($A$5,Διαμερίσματα!$A$6:$N$27,Δαπάνες!E12)))) -> 64.648275 | G12: =IF(E12="","",E12*F12/1000) -> 3.2324137
A13: =IF(B13="","",A12+1) -> 5 | B13: =Δαπάνες!$B$13 -> Γ1 | C13: =Δαπάνες!$C$13 -> Έξοδα Κήπου | D13: =Δαπάνες!$D$13 -> Συντήρηση Κήπου | E13: =IF(Δαπάνες!$F$13="","",Δαπάνες!$F$13) -> 60 | F13: =IF(E13="","",IF($A$5="","",IF(INDIRECT(ADDRESS($B$5,13,3,,"Διαμερίσματα"))="","",VLOOKUP($A$5,Διαμερίσματα!$A$6:$N$27,Δαπάνες!E13)))) -> 33.401609 | G13: =IF(E13="","",E13*F13/1000) -> 2.0040965
A14: =IF(B14="","",A13+1) -> 6 | B14: =Δαπάνες!$B$14 -> Γ2 | D14: =Δαπάνες!$D$14 -> ΕΥΔΑΠ (Νερό) Κοινόχρηστων Χώρων | E14: =IF(Δαπάνες!$F$14="","",Δαπάνες!$F$14) -> 20 | F14: =IF(E14="","",IF($A$5="","",IF(INDIRECT(ADDRESS($B$5,13,3,,"Διαμερίσματα"))="","",VLOOKUP($A$5,Διαμερίσματα!$A$6:$N$27,Δαπάνες!E14)))) -> 33.401609 | G14: =IF(E14="","",E14*F14/1000) -> 0.66803217
A15: =IF(B15="","",A14+1) -> 7 | B15: =Δαπάνες!$B$15 -> Δ1 | C15: =Δαπάνες!$C$15 -> Θέρμανση | D15: =Δαπάνες!$D$15 -> Πετρέλαιο Αυτόνομης Θέρμανσης | E15: =IF(Δαπάνες!$F$15="","",Δαπάνες!$F$15) -> 700 | F15: =IF(E15="","",IF(A5="","",IF(HLOOKUP($F$1,Ώρες!$A$29:$P$52,A5+2)="","",HLOOKUP($F$1,Ώρες!$A$29:$P$52,A5+2)))) -> 99 | G15: =IF(A5="","",IF(INDIRECT(ADDRESS(A4,16,3,,"Θέρμανση"))="","",VLOOKUP(A5,Θέρμανση!$A$5:$R$26,18))) -> 193.17298
A16: =IF(B16="","",A15+1) -> 8 | B16: =Δαπάνες!$B$16 -> Δ2 | D16: =Δαπάνες!$D$16 -> Συντήρηση Καυστήρα | E16: =IF(Δαπάνες!$F$16="","",Δαπάνες!$F$16) -> 70 | F16: =IF(E16="","",IF($A$5="","",IF(INDIRECT(ADDRESS($B$5,16,3,,"Διαμερίσματα"))="","",VLOOKUP($A$5,Διαμερίσματα!$A$6:$P$27,Δαπάνες!E16)))) -> 56.474859 | G16: =IF(E16="","",E16*F16/1000) -> 3.9532401
A17: =IF(B17="","",A16+1) -> 9 | B17: =Δαπάνες!$B$17 -> Ε1 | C17: =Δαπάνες!$C$17 -> Έξοδα Ιδιοκτητών | D17: =Δαπάνες!$D$17 -> Συντήρηση Πολυκατοικίας | E17: =IF(Δαπάνες!$F$17="","",Δαπάνες!$F$17) -> 100 | F17: =IF(E17="","",IF($A$5="","",IF(INDIRECT(ADDRESS($B$5,13,3,,"Διαμερίσματα"))="","",VLOOKUP($A$5,Διαμερίσματα!$A$6:$N$27,Δαπάνες!E17)))) -> 33.401609 | G17: =IF(E17="","",E17*F17/1000) -> 3.3401609
A18: =IF(B18="","",A17+1) -> 10 | B18: =Δαπάνες!$B$18 -> Ζ1 | C18: =Δαπάνες!$C$18 -> Λοιπά Έξοδα | D18: =Δαπάνες!$D$18 -> Πάγιο Αποθεματικό | E18: =IF(Δαπάνες!$F$18="","",Δαπάνες!$F$18) -> 200 | F18: =IF(E18="","",IF($A$5="","",IF(INDIRECT(ADDRESS($B$5,13,3,,"Διαμερίσματα"))="","",VLOOKUP($A$5,Διαμερίσματα!$A$6:$N$27,Δαπάνες!E18)))) -> 33.401609 | G18: =IF(E18="","",E18*F18/1000) -> 6.6803217
A19: =IF(B19="","",A18+1) -> 11 | B19: =Δαπάνες!$B$19 -> Η1 | C19: =Δαπάνες!$C$19 -> Διαχείριση | D19: =Δαπάνες!$D$19 -> Αμοιβή Διαχειριστή | E19: =IF(Δαπάνες!$F$19="","",Δαπάνες!$F$19) -> 80 | F19: =IF(E19="","",IF($A$5="","",IF(INDIRECT(ADDRESS($B$5,13,3,,"Διαμερίσματα"))="","",VLOOKUP($A$5,Διαμερίσματα!$A$6:$N$27,Δαπάνες!E19)))) -> 33.401609 | G19: =IF(E19="","",E19*F19/1000) -> 2.6721287
A20: =IF(B20="","",A19+1) -> 12 | B20: =Δαπάνες!$B$20 -> Η2 | D20: =Δαπάνες!$D$20 -> Έκδοση Κοινοχρήστων | E20: =IF(Δαπάνες!$F$20="","",Δαπάνες!$F$20) -> 20 | F20: =IF(E20="","",IF(Διαμερίσματα!C8="",1000/Διαμερίσματα!$D$28,Διαμερίσματα!$B$30*10/Διαμερίσματα!$D$28)) -> 50 | G20: =IF(E20="","",E20*F20/1000) -> 1
A21: Σ Υ Ν Ο Λ Α (Πληρωτέο, με απόκλιση 0,5 €, λόγω στρογγυλοποίησης) | E21: =SUM(E9:E20) -> 1480 | G21: =SUM(G9:G20) -> 225.03995
A22: ='1-2'!$A$22:$G$22 -> Έγινε συντήρηση του καυστήρα.
A23: ='1-2'!$A$23:$G$23 -> Η συντήρηση του Ανελκυστήρα, από 55€*12μήνες, έγινε 55€*8μήνες.
E25: Επιστροφή στην ΠΛΟΗΓΗΣΗ
D26: =ΣΤΟΙΧΕΙΑ!$C$3 -> Κ Ο Ι Ν Ο Χ Ρ Η Σ Τ Α : | F26: =ΣΤΟΙΧΕΙΑ!$C$11 -> 40878
C27: =ΣΤΟΙΧΕΙΑ!$C$2 -> Πολυκατοικία : | D27: =ΣΤΟΙΧΕΙΑ!$C$12 -> Διευθύνση 123 | E27: =ΣΤΟΙΧΕΙΑ!$C$13 -> Νεάπολη - ΑΤΤΙΚΗΣ.
A28: =ΣΤΟΙΧΕΙΑ!$C$7 -> Επεξεργασία: Φ.Τσιρίδης, 6977-66.66.99 | D28: =IF(A30="","",IF(INDIRECT(ADDRESS(B30,9,3,,"Διαμερίσματα"))="","",(VLOOKUP(A30,Θέρμανση!$A$5:$H$26,8))*E40)) -> 0 | E28: =ΣΤΟΙΧΕΙΑ!$C$8 -> Διαχειριστής: Φ.Διαχειριστίδης, 697-1234567
A29: =4+A30 -> 8 | C29: Ιδιοκτήτης: | D29: =IF(A30="","",IF(INDIRECT(ADDRESS(B30,6,3,,"Διαμερίσματα"))="","",VLOOKUP(A30,Διαμερίσματα!$A$6:$N$27,6))) -> Ιδιοκτήτης-4 | E29: Τηλέφωνο: | F29: =IF(A30="","",IF(INDIRECT(ADDRESS(B30,7,3,,"Διαμερίσματα"))="","",VLOOKUP(A30,Διαμερίσματα!$A$6:$N$27,7)))
A30: =A5+1 -> 4 | B30: =5+A30 -> 9 | C30: Ένοικος: | D30: =IF(A30="","",IF(INDIRECT(ADDRESS(B30,9,3,,"Διαμερίσματα"))="","",VLOOKUP(A30,Διαμερίσματα!$A$6:$N$27,9))) -> Ιδιοκτήτης-4 | E30: Τηλέφωνο: | F30: =IF(A30="","",IF(INDIRECT(ADDRESS(B30,10,3,,"Διαμερίσματα"))="","",VLOOKUP(A30,Διαμερίσματα!$A$6:$N$27,10)))
A31: =IF(A30="","",IF(INDIRECT(ADDRESS(B30,2,3,,"Διαμερίσματα"))="","",VLOOKUP(A30,Διαμερίσματα!$A$6:$N$27,2))) -> Α1 | C31: =IF(A30="","",IF(INDIRECT(ADDRESS(B30,3,3,,"Διαμερίσματα"))="","",VLOOKUP(A30,Διαμερίσματα!$A$6:$N$27,3))) | D31: Όροφος : | E31: =IF(A30="","",IF(INDIRECT(ADDRESS(B30,4,3,,"Διαμερίσματα"))="","",VLOOKUP(A30,Διαμερίσματα!$A$6:$N$27,4))) -> 1ος | F31: =IF(A30="","",IF(INDIRECT(ADDRESS(B30,5,3,,"Διαμερίσματα"))="","",VLOOKUP(A30,Διαμερίσματα!$A$6:$N$27,5))) -> 60 | G31: τ.μ.
A32: Α/Α | B32: Κωδικός | C32: Κατηγορία | D32: Αιτιολογία | E32: Ολική Δαπάνη | F32: Χιλιοστά | G32: Πληρωτέο Ποσό
A33: 1 | B33: 2 | C33: 3 | D33: 4 | E33: 5 | F33: 6 | G33: 7
A34: =IF(B34="","",1) -> 1 | B34: =Δαπάνες!$B$9 -> Α1 | C34: =Δαπάνες!$C$9 -> Γενικά Κοινόχρηστα | D34: =Δαπάνες!$D$9 -> ΔΕΗ Κοινόχρηστων Χώρων | E34: =IF(Δαπάνες!$F$9="","",Δαπάνες!$F$9) -> 100 | F34: =IF(E34="","",IF($A$30="","",IF(INDIRECT(ADDRESS($B$30,14,3,,"Διαμερίσματα"))="","",VLOOKUP($A$30,Διαμερίσματα!$A$6:$N$27,Δαπάνες!E9)))) -> 33.390941 | G34: =IF(E34="","",E34*F34/1000) -> 3.3390941
A35: =IF(B35="","",A34+1) -> 2 | B35: =Δαπάνες!$B$10 -> Α2 | D35: =Δαπάνες!$D$10 -> Καθαρισμός Κοινόχρηστων Χώρων | E35: =IF(Δαπάνες!$F$10="","",Δαπάνες!$F$10) -> 70 | F35: =IF(E35="","",IF($A$30="","",IF(INDIRECT(ADDRESS($B$30,14,3,,"Διαμερίσματα"))="","",VLOOKUP($A$30,Διαμερίσματα!$A$6:$N$27,Δαπάνες!E10)))) -> 33.390941 | G35: =IF(E35="","",E35*F35/1000) -> 2.3373658
A36: =IF(B36="","",A35+1) -> 3 | B36: =Δαπάνες!$B$11 -> Α3 | D36: =Δαπάνες!$D$11 -> Υλικά Αναλώσιμα (Λάμπες κλπ) | E36: =IF(Δαπάνες!$F$11="","",Δαπάνες!$F$11) -> 10 | F36: =IF(E36="","",IF($A$30="","",IF(INDIRECT(ADDRESS($B$30,14,3,,"Διαμερίσματα"))="","",VLOOKUP($A$30,Διαμερίσματα!$A$6:$N$27,Δαπάνες!E11)))) -> 33.390941 | G36: =IF(E36="","",E36*F36/1000) -> 0.33390941
A37: =IF(B37="","",A36+1) -> 4 | B37: =Δαπάνες!$B$12 -> Β1 | C37: =Δαπάνες!$C$12 -> Ανελκυστήρας | D37: =Δαπάνες!$D$12 -> Συντήρηση Ανελκυστήρα | E37: =IF(Δαπάνες!$F$12="","",Δαπάνες!$F$12) -> 50 | F37: =IF(E37="","",IF($A$30="","",IF(INDIRECT(ADDRESS($B$30,12,3,,"Διαμερίσματα"))="","",VLOOKUP($A$30,Διαμερίσματα!$A$6:$N$27,Δαπάνες!E12)))) -> 33.390941 | G37: =IF(E37="","",E37*F37/1000) -> 1.669547
A38: =IF(B38="","",A37+1) -> 5 | B38: =Δαπάνες!$B$13 -> Γ1 | C38: =Δαπάνες!$C$13 -> Έξοδα Κήπου | D38: =Δαπάνες!$D$13 -> Συντήρηση Κήπου | E38: =IF(Δαπάνες!$F$13="","",Δαπάνες!$F$13) -> 60 | F38: =IF(E38="","",IF($A$30="","",IF(INDIRECT(ADDRESS($B$30,13,3,,"Διαμερίσματα"))="","",VLOOKUP($A$30,Διαμερίσματα!$A$6:$N$27,Δαπάνες!E13)))) -> 33.390941 | G38: =IF(E38="","",E38*F38/1000) -> 2.0034564
A39: =IF(B39="","",A38+1) -> 6 | B39: =Δαπάνες!$B$14 -> Γ2 | D39: =Δαπάνες!$D$14 -> ΕΥΔΑΠ (Νερό) Κοινόχρηστων Χώρων | E39: =IF(Δαπάνες!$F$14="","",Δαπάνες!$F$14) -> 20 | F39: =IF(E39="","",IF($A$30="","",IF(INDIRECT(ADDRESS($B$30,13,3,,"Διαμερίσματα"))="","",VLOOKUP($A$30,Διαμερίσματα!$A$6:$N$27,Δαπάνες!E14)))) -> 33.390941 | G39: =IF(E39="","",E39*F39/1000) -> 0.66781881
A40: =IF(B40="","",A39+1) -> 7 | B40: =Δαπάνες!$B$15 -> Δ1 | C40: =Δαπάνες!$C$15 -> Θέρμανση | D40: =Δαπάνες!$D$15 -> Πετρέλαιο Αυτόνομης Θέρμανσης | E40: =IF(Δαπάνες!$F$15="","",Δαπάνες!$F$15) -> 700 | F40: =IF(E40="","",IF(A30="","",IF(HLOOKUP($F$1,Ώρες!$A$29:$P$52,A30+2)="","",HLOOKUP($F$1,Ώρες!$A$29:$P$52,A30+2)))) -> 56 | G40: =IF(A30="","",IF(INDIRECT(ADDRESS(A29,16,3,,"Θέρμανση"))="","",VLOOKUP(A30,Θέρμανση!$A$5:$R$26,18))) -> 148.41655
A41: =IF(B41="","",A40+1) -> 8 | B41: =Δαπάνες!$B$16 -> Δ2 | D41: =Δαπάνες!$D$16 -> Συντήρηση Καυστήρα | E41: =IF(Δαπάνες!$F$16="","",Δαπάνες!$F$16) -> 70 | F41: =IF(E41="","",IF($A$30="","",IF(INDIRECT(ADDRESS($B$30,16,3,,"Διαμερίσματα"))="","",VLOOKUP($A$30,Διαμερίσματα!$A$6:$P$27,Δαπάνες!E16)))) -> 79.641294 | G41: =IF(E41="","",E41*F41/1000) -> 5.5748906
A42: =IF(B42="","",A41+1) -> 9 | B42: =Δαπάνες!$B$17 -> Ε1 | C42: =Δαπάνες!$C$17 -> Έξοδα Ιδιοκτητών | D42: =Δαπάνες!$D$17 -> Συντήρηση Πολυκατοικίας | E42: =IF(Δαπάνες!$F$17="","",Δαπάνες!$F$17) -> 100 | F42: =IF(E42="","",IF($A$30="","",IF(INDIRECT(ADDRESS($B$30,13,3,,"Διαμερίσματα"))="","",VLOOKUP($A$30,Διαμερίσματα!$A$6:$N$27,Δαπάνες!E17)))) -> 33.390941 | G42: =IF(E42="","",E42*F42/1000) -> 3.3390941
A43: =IF(B43="","",A42+1) -> 10 | B43: =Δαπάνες!$B$18 -> Ζ1 | C43: =Δαπάνες!$C$18 -> Λοιπά Έξοδα | D43: =Δαπάνες!$D$18 -> Πάγιο Αποθεματικό | E43: =IF(Δαπάνες!$F$18="","",Δαπάνες!$F$18) -> 200 | F43: =IF(E43="","",IF($A$30="","",IF(INDIRECT(ADDRESS($B$30,13,3,,"Διαμερίσματα"))="","",VLOOKUP($A$30,Διαμερίσματα!$A$6:$N$27,Δαπάνες!E18)))) -> 33.390941 | G43: =IF(E43="","",E43*F43/1000) -> 6.6781881
A44: =IF(B44="","",A43+1) -> 11 | B44: =Δαπάνες!$B$19 -> Η1 | C44: =Δαπάνες!$C$19 -> Διαχείριση | D44: =Δαπάνες!$D$19 -> Αμοιβή Διαχειριστή | E44: =IF(Δαπάνες!$F$19="","",Δαπάνες!$F$19) -> 80 | F44: =IF(E44="","",IF($A$30="","",IF(INDIRECT(ADDRESS($B$30,13,3,,"Διαμερίσματα"))="","",VLOOKUP($A$30,Διαμερίσματα!$A$6:$N$27,Δαπάνες!E19)))) -> 33.390941 | G44: =IF(E44="","",E44*F44/1000) -> 2.6712753
A45: =IF(B45="","",A44+1) -> 12 | B45: =Δαπάνες!$B$20 -> Η2 | D45: =Δαπάνες!$D$20 -> Έκδοση Κοινοχρήστων | E45: =IF(Δαπάνες!$F$20="","",Δαπάνες!$F$20) -> 20 | F45: =IF(E45="","",IF(Διαμερίσματα!C9="",1000/Διαμερίσματα!$D$28,Διαμερίσματα!$B$30*10/Διαμερίσματα!$D$28)) -> 50 | G45: =IF(E45="","",E45*F45/1000) -> 1
A46: Σ Υ Ν Ο Λ Α (Πληρωτέο, με απόκλιση 0,5 €, λόγω στρογγυλοποίησης) | E46: =SUM(E34:E45) -> 1480 | G46: =SUM(G34:G45) -> 178.03119
A47: ='1-2'!$A$22:$G$22 -> Έγινε συντήρηση του καυστήρα.
A48: ='1-2'!$A$23:$G$23 -> Η συντήρηση του Ανελκυστήρα, από 55€*12μήνες, έγινε 55€*8μήνες.

Sheet 5-6
D1: =ΣΤΟΙΧΕΙΑ!$C$3 -> Κ Ο Ι Ν Ο Χ Ρ Η Σ Τ Α : | F1: =ΣΤΟΙΧΕΙΑ!$C$11 -> 40878
C2: =ΣΤΟΙΧΕΙΑ!$C$2 -> Πολυκατοικία : | D2: =ΣΤΟΙΧΕΙΑ!$C$12 -> Διευθύνση 123 | E2: =ΣΤΟΙΧΕΙΑ!$C$13 -> Νεάπολη - ΑΤΤΙΚΗΣ.
A3: =ΣΤΟΙΧΕΙΑ!$C$7 -> Επεξεργασία: Φ.Τσιρίδης, 6977-66.66.99 | D3: =IF(A5="","",IF(INDIRECT(ADDRESS(B5,9,3,,"Διαμερίσματα"))="","",(VLOOKUP(A5,Θέρμανση!$A$5:$H$26,8))*E15)) -> 0 | E3: =ΣΤΟΙΧΕΙΑ!$C$8 -> Διαχειριστής: Φ.Διαχειριστίδης, 697-1234567
A4: =4+A5 -> 9 | C4: Ιδιοκτήτης: | D4: =IF(A5="","",IF(INDIRECT(ADDRESS(B5,6,3,,"Διαμερίσματα"))="","",VLOOKUP(A5,Διαμερίσματα!$A$6:$N$27,6))) -> Ιδιοκτήτης-5 | E4: Τηλέφωνο: | F4: =IF(A5="","",IF(INDIRECT(ADDRESS(B5,7,3,,"Διαμερίσματα"))="","",VLOOKUP(A5,Διαμερίσματα!$A$6:$N$27,7)))
A5: =Διαμερίσματα!$A$10 -> 5 | B5: =5+A5 -> 10 | C5: Ένοικος: | D5: =IF(A5="","",IF(INDIRECT(ADDRESS(B5,9,3,,"Διαμερίσματα"))="","",VLOOKUP(A5,Διαμερίσματα!$A$6:$N$27,9))) -> Ιδιοκτήτης-5 | E5: Τηλέφωνο: | F5: =IF(A5="","",IF(INDIRECT(ADDRESS(B5,10,3,,"Διαμερίσματα"))="","",VLOOKUP(A5,Διαμερίσματα!$A$6:$N$27,10)))
A6: =IF(A5="","",IF(INDIRECT(ADDRESS(B5,2,3,,"Διαμερίσματα"))="","",VLOOKUP(A5,Διαμερίσματα!$A$6:$N$27,2))) -> Α2 | C6: =IF(A5="","",IF(INDIRECT(ADDRESS(B5,3,3,,"Διαμερίσματα"))="","",VLOOKUP(A5,Διαμερίσματα!$A$6:$N$27,3))) | D6: Όροφος : | E6: =IF(A5="","",IF(INDIRECT(ADDRESS(B5,4,3,,"Διαμερίσματα"))="","",VLOOKUP(A5,Διαμερίσματα!$A$6:$N$27,4))) -> 1ος | F6: =IF(A5="","",IF(INDIRECT(ADDRESS(B5,5,3,,"Διαμερίσματα"))="","",VLOOKUP(A5,Διαμερίσματα!$A$6:$N$27,5))) -> 50 | G6: τ.μ.
A7: Α/Α | B7: Κωδικός | C7: Κατηγορία | D7: Αιτιολογία | E7: Ολική Δαπάνη | F7: Χιλιοστά | G7: Πληρωτέο Ποσό
A8: 1 | B8: 2 | C8: 3 | D8: 4 | E8: 5 | F8: 6 | G8: 7
A9: =IF(B9="","",1) -> 1 | B9: =Δαπάνες!$B$9 -> Α1 | C9: =Δαπάνες!$C$9 -> Γενικά Κοινόχρηστα | D9: =Δαπάνες!$D$9 -> ΔΕΗ Κοινόχρηστων Χώρων | E9: =IF(Δαπάνες!$F$9="","",Δαπάνες!$F$9) -> 100 | F9: =IF(E9="","",IF($A$5="","",IF(INDIRECT(ADDRESS($B$5,14,3,,"Διαμερίσματα"))="","",VLOOKUP($A$5,Διαμερίσματα!$A$6:$N$27,Δαπάνες!E9)))) -> 33.401609 | G9: =IF(E9="","",E9*F9/1000) -> 3.3401609
A10: =IF(B10="","",A9+1) -> 2 | B10: =Δαπάνες!$B$10 -> Α2 | D10: =Δαπάνες!$D$10 -> Καθαρισμός Κοινόχρηστων Χώρων | E10: =IF(Δαπάνες!$F$10="","",Δαπάνες!$F$10) -> 70 | F10: =IF(E10="","",IF($A$5="","",IF(INDIRECT(ADDRESS($B$5,14,3,,"Διαμερίσματα"))="","",VLOOKUP($A$5,Διαμερίσματα!$A$6:$N$27,Δαπάνες!E10)))) -> 33.401609 | G10: =IF(E10="","",E10*F10/1000) -> 2.3381126
A11: =IF(B11="","",A10+1) -> 3 | B11: =Δαπάνες!$B$11 -> Α3 | D11: =Δαπάνες!$D$11 -> Υλικά Αναλώσιμα (Λάμπες κλπ) | E11: =IF(Δαπάνες!$F$11="","",Δαπάνες!$F$11) -> 10 | F11: =IF(E11="","",IF($A$5="","",IF(INDIRECT(ADDRESS($B$5,14,3,,"Διαμερίσματα"))="","",VLOOKUP($A$5,Διαμερίσματα!$A$6:$N$27,Δαπάνες!E11)))) -> 33.401609 | G11: =IF(E11="","",E11*F11/1000) -> 0.33401609
A12: =IF(B12="","",A11+1) -> 4 | B12: =Δαπάνες!$B$12 -> Β1 | C12: =Δαπάνες!$C$12 -> Ανελκυστήρας | D12: =Δαπάνες!$D$12 -> Συντήρηση Ανελκυστήρα | E12: =IF(Δαπάνες!$F$12="","",Δαπάνες!$F$12) -> 50 | F12: =IF(E12="","",IF($A$5="","",IF(INDIRECT(ADDRESS($B$5,12,3,,"Διαμερίσματα"))="","",VLOOKUP($A$5,Διαμερίσματα!$A$6:$N$27,Δαπάνες!E12)))) -> 33.401609 | G12: =IF(E12="","",E12*F12/1000) -> 1.6700804
A13: =IF(B13="","",A12+1) -> 5 | B13: =Δαπάνες!$B$13 -> Γ1 | C13: =Δαπάνες!$C$13 -> Έξοδα Κήπου | D13: =Δαπάνες!$D$13 -> Συντήρηση Κήπου | E13: =IF(Δαπάνες!$F$13="","",Δαπάνες!$F$13) -> 60 | F13: =IF(E13="","",IF($A$5="","",IF(INDIRECT(ADDRESS($B$5,13,3,,"Διαμερίσματα"))="","",VLOOKUP($A$5,Διαμερίσματα!$A$6:$N$27,Δαπάνες!E13)))) -> 33.401609 | G13: =IF(E13="","",E13*F13/1000) -> 2.0040965
A14: =IF(B14="","",A13+1) -> 6 | B14: =Δαπάνες!$B$14 -> Γ2 | D14: =Δαπάνες!$D$14 -> ΕΥΔΑΠ (Νερό) Κοινόχρηστων Χώρων | E14: =IF(Δαπάνες!$F$14="","",Δαπάνες!$F$14) -> 20 | F14: =IF(E14="","",IF($A$5="","",IF(INDIRECT(ADDRESS($B$5,13,3,,"Διαμερίσματα"))="","",VLOOKUP($A$5,Διαμερίσματα!$A$6:$N$27,Δαπάνες!E14)))) -> 33.401609 | G14: =IF(E14="","",E14*F14/1000) -> 0.66803217
A15: =IF(B15="","",A14+1) -> 7 | B15: =Δαπάνες!$B$15 -> Δ1 | C15: =Δαπάνες!$C$15 -> Θέρμανση | D15: =Δαπάνες!$D$15 -> Πετρέλαιο Αυτόνομης Θέρμανσης | E15: =IF(Δαπάνες!$F$15="","",Δαπάνες!$F$15) -> 700 | F15: =IF(E15="","",IF(A5="","",IF(HLOOKUP($F$1,Ώρες!$A$29:$P$52,A5+2)="","",HLOOKUP($F$1,Ώρες!$A$29:$P$52,A5+2)))) -> 67 | G15: =IF(A5="","",IF(INDIRECT(ADDRESS(A4,16,3,,"Θέρμανση"))="","",VLOOKUP(A5,Θέρμανση!$A$5:$R$26,18))) -> 136.15272
A16: =IF(B16="","",A15+1) -> 8 | B16: =Δαπάνες!$B$16 -> Δ2 | D16: =Δαπάνες!$D$16 -> Συντήρηση Καυστήρα | E16: =IF(Δαπάνες!$F$16="","",Δαπάνες!$F$16) -> 70 | F16: =IF(E16="","",IF($A$5="","",IF(INDIRECT(ADDRESS($B$5,16,3,,"Διαμερίσματα"))="","",VLOOKUP($A$5,Διαμερίσματα!$A$6:$P$27,Δαπάνες!E16)))) -> 61.065443 | G16: =IF(E16="","",E16*F16/1000) -> 4.274581
A17: =IF(B17="","",A16+1) -> 9 | B17: =Δαπάνες!$B$17 -> Ε1 | C17: =Δαπάνες!$C$17 -> Έξοδα Ιδιοκτητών | D17: =Δαπάνες!$D$17 -> Συντήρηση Πολυκατοικίας | E17: =IF(Δαπάνες!$F$17="","",Δαπάνες!$F$17) -> 100 | F17: =IF(E17="","",IF($A$5="","",IF(INDIRECT(ADDRESS($B$5,13,3,,"Διαμερίσματα"))="","",VLOOKUP($A$5,Διαμερίσματα!$A$6:$N$27,Δαπάνες!E17)))) -> 33.401609 | G17: =IF(E17="","",E17*F17/1000) -> 3.3401609
A18: =IF(B18="","",A17+1) -> 10 | B18: =Δαπάνες!$B$18 -> Ζ1 | C18: =Δαπάνες!$C$18 -> Λοιπά Έξοδα | D18: =Δαπάνες!$D$18 -> Πάγιο Αποθεματικό | E18: =IF(Δαπάνες!$F$18="","",Δαπάνες!$F$18) -> 200 | F18: =IF(E18="","",IF($A$5="","",IF(INDIRECT(ADDRESS($B$5,13,3,,"Διαμερίσματα"))="","",VLOOKUP($A$5,Διαμερίσματα!$A$6:$N$27,Δαπάνες!E18)))) -> 33.401609 | G18: =IF(E18="","",E18*F18/1000) -> 6.6803217
A19: =IF(B19="","",A18+1) -> 11 | B19: =Δαπάνες!$B$19 -> Η1 | C19: =Δαπάνες!$C$19 -> Διαχείριση | D19: =Δαπάνες!$D$19 -> Αμοιβή Διαχειριστή | E19: =IF(Δαπάνες!$F$19="","",Δαπάνες!$F$19) -> 80 | F19: =IF(E19="","",IF($A$5="","",IF(INDIRECT(ADDRESS($B$5,13,3,,"Διαμερίσματα"))="","",VLOOKUP($A$5,Διαμερίσματα!$A$6:$N$27,Δαπάνες!E19)))) -> 33.401609 | G19: =IF(E19="","",E19*F19/1000) -> 2.6721287
A20: =IF(B20="","",A19+1) -> 12 | B20: =Δαπάνες!$B$20 -> Η2 | D20: =Δαπάνες!$D$20 -> Έκδοση Κοινοχρήστων | E20: =IF(Δαπάνες!$F$20="","",Δαπάνες!$F$20) -> 20 | F20: =IF(E20="","",IF(Διαμερίσματα!C10="",1000/Διαμερίσματα!$D$28,Διαμερίσματα!$B$30*10/Διαμερίσματα!$D$28)) -> 50 | G20: =IF(E20="","",E20*F20/1000) -> 1
A21: Σ Υ Ν Ο Λ Α (Πληρωτέο, με απόκλιση 0,5 €, λόγω στρογγυλοποίησης) | E21: =SUM(E9:E20) -> 1480 | G21: =SUM(G9:G20) -> 164.47441
A22: ='1-2'!$A$22:$G$22 -> Έγινε συντήρηση του καυστήρα.
A23: ='1-2'!$A$23:$G$23 -> Η συντήρηση του Ανελκυστήρα, από 55€*12μήνες, έγινε 55€*8μήνες.
E25: Επιστροφή στην ΠΛΟΗΓΗΣΗ
D26: =ΣΤΟΙΧΕΙΑ!$C$3 -> Κ Ο Ι Ν Ο Χ Ρ Η Σ Τ Α : | F26: =ΣΤΟΙΧΕΙΑ!$C$11 -> 40878
C27: =ΣΤΟΙΧΕΙΑ!$C$2 -> Πολυκατοικία : | D27: =ΣΤΟΙΧΕΙΑ!$C$12 -> Διευθύνση 123 | E27: =ΣΤΟΙΧΕΙΑ!$C$13 -> Νεάπολη - ΑΤΤΙΚΗΣ.
A28: =ΣΤΟΙΧΕΙΑ!$C$7 -> Επεξεργασία: Φ.Τσιρίδης, 6977-66.66.99 | D28: =IF(A30="","",IF(INDIRECT(ADDRESS(B30,9,3,,"Διαμερίσματα"))="","",(VLOOKUP(A30,Θέρμανση!$A$5:$H$26,8))*E40)) -> 0 | E28: =ΣΤΟΙΧΕΙΑ!$C$8 -> Διαχειριστής: Φ.Διαχειριστίδης, 697-1234567
A29: =4+A30 -> 10 | C29: Ιδιοκτήτης: | D29: =IF(A30="","",IF(INDIRECT(ADDRESS(B30,6,3,,"Διαμερίσματα"))="","",VLOOKUP(A30,Διαμερίσματα!$A$6:$N$27,6))) -> Ιδιοκτήτης-6 | E29: Τηλέφωνο: | F29: =IF(A30="","",IF(INDIRECT(ADDRESS(B30,7,3,,"Διαμερίσματα"))="","",VLOOKUP(A30,Διαμερίσματα!$A$6:$N$27,7)))
A30: =A5+1 -> 6 | B30: =5+A30 -> 11 | C30: Ένοικος: | D30: =IF(A30="","",IF(INDIRECT(ADDRESS(B30,9,3,,"Διαμερίσματα"))="","",VLOOKUP(A30,Διαμερίσματα!$A$6:$N$27,9))) -> Ιδιοκτήτης-6 | E30: Τηλέφωνο: | F30: =IF(A30="","",IF(INDIRECT(ADDRESS(B30,10,3,,"Διαμερίσματα"))="","",VLOOKUP(A30,Διαμερίσματα!$A$6:$N$27,10)))
A31: =IF(A30="","",IF(INDIRECT(ADDRESS(B30,2,3,,"Διαμερίσματα"))="","",VLOOKUP(A30,Διαμερίσματα!$A$6:$N$27,2))) -> Α3 | C31: =IF(A30="","",IF(INDIRECT(ADDRESS(B30,3,3,,"Διαμερίσματα"))="","",VLOOKUP(A30,Διαμερίσματα!$A$6:$N$27,3))) | D31: Όροφος : | E31: =IF(A30="","",IF(INDIRECT(ADDRESS(B30,4,3,,"Διαμερίσματα"))="","",VLOOKUP(A30,Διαμερίσματα!$A$6:$N$27,4))) -> 1ος | F31: =IF(A30="","",IF(INDIRECT(ADDRESS(B30,5,3,,"Διαμερίσματα"))="","",VLOOKUP(A30,Διαμερίσματα!$A$6:$N$27,5))) -> 60 | G31: τ.μ.
A32: Α/Α | B32: Κωδικός | C32: Κατηγορία | D32: Αιτιολογία | E32: Ολική Δαπάνη | F32: Χιλιοστά | G32: Πληρωτέο Ποσό
A33: 1 | B33: 2 | C33: 3 | D33: 4 | E33: 5 | F33: 6 | G33: 7
A34: =IF(B34="","",1) -> 1 | B34: =Δαπάνες!$B$9 -> Α1 | C34: =Δαπάνες!$C$9 -> Γενικά Κοινόχρηστα | D34: =Δαπάνες!$D$9 -> ΔΕΗ Κοινόχρηστων Χώρων | E34: =IF(Δαπάνες!$F$9="","",Δαπάνες!$F$9) -> 100 | F34: =IF(E34="","",IF($A$30="","",IF(INDIRECT(ADDRESS($B$30,14,3,,"Διαμερίσματα"))="","",VLOOKUP($A$30,Διαμερίσματα!$A$6:$N$27,Δαπάνες!E9)))) -> 33.401609 | G34: =IF(E34="","",E34*F34/1000) -> 3.3401609
A35: =IF(B35="","",A34+1) -> 2 | B35: =Δαπάνες!$B$10 -> Α2 | D35: =Δαπάνες!$D$10 -> Καθαρισμός Κοινόχρηστων Χώρων | E35: =IF(Δαπάνες!$F$10="","",Δαπάνες!$F$10) -> 70 | F35: =IF(E35="","",IF($A$30="","",IF(INDIRECT(ADDRESS($B$30,14,3,,"Διαμερίσματα"))="","",VLOOKUP($A$30,Διαμερίσματα!$A$6:$N$27,Δαπάνες!E10)))) -> 33.401609 | G35: =IF(E35="","",E35*F35/1000) -> 2.3381126
A36: =IF(B36="","",A35+1) -> 3 | B36: =Δαπάνες!$B$11 -> Α3 | D36: =Δαπάνες!$D$11 -> Υλικά Αναλώσιμα (Λάμπες κλπ) | E36: =IF(Δαπάνες!$F$11="","",Δαπάνες!$F$11) -> 10 | F36: =IF(E36="","",IF($A$30="","",IF(INDIRECT(ADDRESS($B$30,14,3,,"Διαμερίσματα"))="","",VLOOKUP($A$30,Διαμερίσματα!$A$6:$N$27,Δαπάνες!E11)))) -> 33.401609 | G36: =IF(E36="","",E36*F36/1000) -> 0.33401609
A37: =IF(B37="","",A36+1) -> 4 | B37: =Δαπάνες!$B$12 -> Β1 | C37: =Δαπάνες!$C$12 -> Ανελκυστήρας | D37: =Δαπάνες!$D$12 -> Συντήρηση Ανελκυστήρα | E37: =IF(Δαπάνες!$F$12="","",Δαπάνες!$F$12) -> 50 | F37: =IF(E37="","",IF($A$30="","",IF(INDIRECT(ADDRESS($B$30,12,3,,"Διαμερίσματα"))="","",VLOOKUP($A$30,Διαμερίσματα!$A$6:$N$27,Δαπάνες!E12)))) -> 33.401609 | G37: =IF(E37="","",E37*F37/1000) -> 1.6700804
A38: =IF(B38="","",A37+1) -> 5 | B38: =Δαπάνες!$B$13 -> Γ1 | C38: =Δαπάνες!$C$13 -> Έξοδα Κήπου | D38: =Δαπάνες!$D$13 -> Συντήρηση Κήπου | E38: =IF(Δαπάνες!$F$13="","",Δαπάνες!$F$13) -> 60 | F38: =IF(E38="","",IF($A$30="","",IF(INDIRECT(ADDRESS($B$30,13,3,,"Διαμερίσματα"))="","",VLOOKUP($A$30,Διαμερίσματα!$A$6:$N$27,Δαπάνες!E13)))) -> 33.401609 | G38: =IF(E38="","",E38*F38/1000) -> 2.0040965
A39: =IF(B39="","",A38+1) -> 6 | B39: =Δαπάνες!$B$14 -> Γ2 | D39: =Δαπάνες!$D$14 -> ΕΥΔΑΠ (Νερό) Κοινόχρηστων Χώρων | E39: =IF(Δαπάνες!$F$14="","",Δαπάνες!$F$14) -> 20 | F39: =IF(E39="","",IF($A$30="","",IF(INDIRECT(ADDRESS($B$30,13,3,,"Διαμερίσματα"))="","",VLOOKUP($A$30,Διαμερίσματα!$A$6:$N$27,Δαπάνες!E14)))) -> 33.401609 | G39: =IF(E39="","",E39*F39/1000) -> 0.66803217
A40: =IF(B40="","",A39+1) -> 7 | B40: =Δαπάνες!$B$15 -> Δ1 | C40: =Δαπάνες!$C$15 -> Θέρμανση | D40: =Δαπάνες!$D$15 -> Πετρέλαιο Αυτόνομης Θέρμανσης | E40: =IF(Δαπάνες!$F$15="","",Δαπάνες!$F$15) -> 700 | F40: =IF(E40="","",IF(A30="","",IF(HLOOKUP($F$1,Ώρες!$A$29:$P$52,A30+2)="","",HLOOKUP($F$1,Ώρες!$A$29:$P$52,A30+2)))) -> 0 | G40: =IF(A30="","",IF(INDIRECT(ADDRESS(A29,16,3,,"Θέρμανση"))="","",VLOOKUP(A30,Θέρμανση!$A$5:$R$26,18))) -> 0
A41: =IF(B41="","",A40+1) -> 8 | B41: =Δαπάνες!$B$16 -> Δ2 | D41: =Δαπάνες!$D$16 -> Συντήρηση Καυστήρα | E41: =IF(Δαπάνες!$F$16="","",Δαπάνες!$F$16) -> 70 | F41: =IF(E41="","",IF($A$30="","",IF(INDIRECT(ADDRESS($B$30,16,3,,"Διαμερίσματα"))="","",VLOOKUP($A$30,Διαμερίσματα!$A$6:$P$27,Δαπάνες!E16)))) -> 80.388598 | G41: =IF(E41="","",E41*F41/1000) -> 5.6272019
A42: =IF(B42="","",A41+1) -> 9 | B42: =Δαπάνες!$B$17 -> Ε1 | C42: =Δαπάνες!$C$17 -> Έξοδα Ιδιοκτητών | D42: =Δαπάνες!$D$17 -> Συντήρηση Πολυκατοικίας | E42: =IF(Δαπάνες!$F$17="","",Δαπάνες!$F$17) -> 100 | F42: =IF(E42="","",IF($A$30="","",IF(INDIRECT(ADDRESS($B$30,13,3,,"Διαμερίσματα"))="","",VLOOKUP($A$30,Διαμερίσματα!$A$6:$N$27,Δαπάνες!E17)))) -> 33.401609 | G42: =IF(E42="","",E42*F42/1000) -> 3.3401609
A43: =IF(B43="","",A42+1) -> 10 | B43: =Δαπάνες!$B$18 -> Ζ1 | C43: =Δαπάνες!$C$18 -> Λοιπά Έξοδα | D43: =Δαπάνες!$D$18 -> Πάγιο Αποθεματικό | E43: =IF(Δαπάνες!$F$18="","",Δαπάνες!$F$18) -> 200 | F43: =IF(E43="","",IF($A$30="","",IF(INDIRECT(ADDRESS($B$30,13,3,,"Διαμερίσματα"))="","",VLOOKUP($A$30,Διαμερίσματα!$A$6:$N$27,Δαπάνες!E18)))) -> 33.401609 | G43: =IF(E43="","",E43*F43/1000) -> 6.6803217
A44: =IF(B44="","",A43+1) -> 11 | B44: =Δαπάνες!$B$19 -> Η1 | C44: =Δαπάνες!$C$19 -> Διαχείριση | D44: =Δαπάνες!$D$19 -> Αμοιβή Διαχειριστή | E44: =IF(Δαπάνες!$F$19="","",Δαπάνες!$F$19) -> 80 | F44: =IF(E44="","",IF($A$30="","",IF(INDIRECT(ADDRESS($B$30,13,3,,"Διαμερίσματα"))="","",VLOOKUP($A$30,Διαμερίσματα!$A$6:$N$27,Δαπάνες!E19)))) -> 33.401609 | G44: =IF(E44="","",E44*F44/1000) -> 2.6721287
A45: =IF(B45="","",A44+1) -> 12 | B45: =Δαπάνες!$B$20 -> Η2 | D45: =Δαπάνες!$D$20 -> Έκδοση Κοινοχρήστων | E45: =IF(Δαπάνες!$F$20="","",Δαπάνες!$F$20) -> 20 | F45: =IF(E45="","",IF(Διαμερίσματα!C11="",1000/Διαμερίσματα!$D$28,Διαμερίσματα!$B$30*10/Διαμερίσματα!$D$28)) -> 50 | G45: =IF(E45="","",E45*F45/1000) -> 1
A46: Σ Υ Ν Ο Λ Α (Πληρωτέο, με απόκλιση 0,5 €, λόγω στρογγυλοποίησης) | E46: =SUM(E34:E45) -> 1480 | G46: =SUM(G34:G45) -> 29.674312
A47: ='1-2'!$A$22:$G$22 -> Έγινε συντήρηση του καυστήρα.
A48: ='1-2'!$A$23:$G$23 -> Η συντήρηση του Ανελκυστήρα, από 55€*12μήνες, έγινε 55€*8μήνες.

Sheet 7-8
D1: =ΣΤΟΙΧΕΙΑ!$C$3 -> Κ Ο Ι Ν Ο Χ Ρ Η Σ Τ Α : | F1: =ΣΤΟΙΧΕΙΑ!$C$11 -> 40878
C2: =ΣΤΟΙΧΕΙΑ!$C$2 -> Πολυκατοικία : | D2: =ΣΤΟΙΧΕΙΑ!$C$12 -> Διευθύνση 123 | E2: =ΣΤΟΙΧΕΙΑ!$C$13 -> Νεάπολη - ΑΤΤΙΚΗΣ.
A3: =ΣΤΟΙΧΕΙΑ!$C$7 -> Επεξεργασία: Φ.Τσιρίδης, 6977-66.66.99 | D3: =IF(A5="","",IF(INDIRECT(ADDRESS(B5,9,3,,"Διαμερίσματα"))="","",(VLOOKUP(A5,Θέρμανση!$A$5:$H$26,8))*E15)) -> 0 | E3: =ΣΤΟΙΧΕΙΑ!$C$8 -> Διαχειριστής: Φ.Διαχειριστίδης, 697-1234567
A4: =4+A5 -> 11 | C4: Ιδιοκτήτης: | D4: =IF(A5="","",IF(INDIRECT(ADDRESS(B5,6,3,,"Διαμερίσματα"))="","",VLOOKUP(A5,Διαμερίσματα!$A$6:$N$27,6))) -> Ιδιοκτήτης-7 | E4: Τηλέφωνο: | F4: =IF(A5="","",IF(INDIRECT(ADDRESS(B5,7,3,,"Διαμερίσματα"))="","",VLOOKUP(A5,Διαμερίσματα!$A$6:$N$27,7)))
A5: =Διαμερίσματα!$A$12 -> 7 | B5: =5+A5 -> 12 | C5: Ένοικος: | D5: =IF(A5="","",IF(INDIRECT(ADDRESS(B5,9,3,,"Διαμερίσματα"))="","",VLOOKUP(A5,Διαμερίσματα!$A$6:$N$27,9))) -> Ιδιοκτήτης-7 | E5: Τηλέφωνο: | F5: =IF(A5="","",IF(INDIRECT(ADDRESS(B5,10,3,,"Διαμερίσματα"))="","",VLOOKUP(A5,Διαμερίσματα!$A$6:$N$27,10)))
A6: =IF(A5="","",IF(INDIRECT(ADDRESS(B5,2,3,,"Διαμερίσματα"))="","",VLOOKUP(A5,Διαμερίσματα!$A$6:$N$27,2))) -> Α4 | C6: =IF(A5="","",IF(INDIRECT(ADDRESS(B5,3,3,,"Διαμερίσματα"))="","",VLOOKUP(A5,Διαμερίσματα!$A$6:$N$27,3))) | D6: Όροφος : | E6: =IF(A5="","",IF(INDIRECT(ADDRESS(B5,4,3,,"Διαμερίσματα"))="","",VLOOKUP(A5,Διαμερίσματα!$A$6:$N$27,4))) -> 1ος | F6: =IF(A5="","",IF(INDIRECT(ADDRESS(B5,5,3,,"Διαμερίσματα"))="","",VLOOKUP(A5,Διαμερίσματα!$A$6:$N$27,5))) -> 50 | G6: τ.μ.
A7: Α/Α | B7: Κωδικός | C7: Κατηγορία | D7: Αιτιολογία | E7: Ολική Δαπάνη | F7: Χιλιοστά | G7: Πληρωτέο Ποσό
A8: 1 | B8: 2 | C8: 3 | D8: 4 | E8: 5 | F8: 6 | G8: 7
A9: =IF(B9="","",1) -> 1 | B9: =Δαπάνες!$B$9 -> Α1 | C9: =Δαπάνες!$C$9 -> Γενικά Κοινόχρηστα | D9: =Δαπάνες!$D$9 -> ΔΕΗ Κοινόχρηστων Χώρων | E9: =IF(Δαπάνες!$F$9="","",Δαπάνες!$F$9) -> 100 | F9: =IF(E9="","",IF($A$5="","",IF(INDIRECT(ADDRESS($B$5,14,3,,"Διαμερίσματα"))="","",VLOOKUP($A$5,Διαμερίσματα!$A$6:$N$27,Δαπάνες!E9)))) -> 107.75779 | G9: =IF(E9="","",E9*F9/1000) -> 10.775779
A10: =IF(B10="","",A9+1) -> 2 | B10: =Δαπάνες!$B$10 -> Α2 | D10: =Δαπάνες!$D$10 -> Καθαρισμός Κοινόχρηστων Χώρων | E10: =IF(Δαπάνες!$F$10="","",Δαπάνες!$F$10) -> 70 | F10: =IF(E10="","",IF($A$5="","",IF(INDIRECT(ADDRESS($B$5,14,3,,"Διαμερίσματα"))="","",VLOOKUP($A$5,Διαμερίσματα!$A$6:$N$27,Δαπάνες!E10)))) -> 107.75779 | G10: =IF(E10="","",E10*F10/1000) -> 7.5430455
A11: =IF(B11="","",A10+1) -> 3 | B11: =Δαπάνες!$B$11 -> Α3 | D11: =Δαπάνες!$D$11 -> Υλικά Αναλώσιμα (Λάμπες κλπ) | E11: =IF(Δαπάνες!$F$11="","",Δαπάνες!$F$11) -> 10 | F11: =IF(E11="","",IF($A$5="","",IF(INDIRECT(ADDRESS($B$5,14,3,,"Διαμερίσματα"))="","",VLOOKUP($A$5,Διαμερίσματα!$A$6:$N$27,Δαπάνες!E11)))) -> 107.75779 | G11: =IF(E11="","",E11*F11/1000) -> 1.0775779
A12: =IF(B12="","",A11+1) -> 4 | B12: =Δαπάνες!$B$12 -> Β1 | C12: =Δαπάνες!$C$12 -> Ανελκυστήρας | D12: =Δαπάνες!$D$12 -> Συντήρηση Ανελκυστήρα | E12: =IF(Δαπάνες!$F$12="","",Δαπάνες!$F$12) -> 50 | F12: =IF(E12="","",IF($A$5="","",IF(INDIRECT(ADDRESS($B$5,12,3,,"Διαμερίσματα"))="","",VLOOKUP($A$5,Διαμερίσματα!$A$6:$N$27,Δαπάνες!E12)))) -> 107.75779 | G12: =IF(E12="","",E12*F12/1000) -> 5.3878896
A13: =IF(B13="","",A12+1) -> 5 | B13: =Δαπάνες!$B$13 -> Γ1 | C13: =Δαπάνες!$C$13 -> Έξοδα Κήπου | D13: =Δαπάνες!$D$13 -> Συντήρηση Κήπου | E13: =IF(Δαπάνες!$F$13="","",Δαπάνες!$F$13) -> 60 | F13: =IF(E13="","",IF($A$5="","",IF(INDIRECT(ADDRESS($B$5,13,3,,"Διαμερίσματα"))="","",VLOOKUP($A$5,Διαμερίσματα!$A$6:$N$27,Δαπάνες!E13)))) -> 107.75779 | G13: =IF(E13="","",E13*F13/1000) -> 6.4654676
A14: =IF(B14="","",A13+1) -> 6 | B14: =Δαπάνες!$B$14 -> Γ2 | D14: =Δαπάνες!$D$14 -> ΕΥΔΑΠ (Νερό) Κοινόχρηστων Χώρων | E14: =IF(Δαπάνες!$F$14="","",Δαπάνες!$F$14) -> 20 | F14: =IF(E14="","",IF($A$5="","",IF(INDIRECT(ADDRESS($B$5,13,3,,"Διαμερίσματα"))="","",VLOOKUP($A$5,Διαμερίσματα!$A$6:$N$27,Δαπάνες!E14)))) -> 107.75779 | G14: =IF(E14="","",E14*F14/1000) -> 2.1551559
A15: =IF(B15="","",A14+1) -> 7 | B15: =Δαπάνες!$B$15 -> Δ1 | C15: =Δαπάνες!$C$15 -> Θέρμανση | D15: =Δαπάνες!$D$15 -> Πετρέλαιο Αυτόνομης Θέρμανσης | E15: =IF(Δαπάνες!$F$15="","",Δαπάνες!$F$15) -> 700 | F15: =IF(E15="","",IF(A5="","",IF(HLOOKUP($F$1,Ώρες!$A$29:$P$52,A5+2)="","",HLOOKUP($F$1,Ώρες!$A$29:$P$52,A5+2)))) -> 0 | G15: =IF(A5="","",IF(INDIRECT(ADDRESS(A4,16,3,,"Θέρμανση"))="","",VLOOKUP(A5,Θέρμανση!$A$5:$R$26,18))) -> 0
A16: =IF(B16="","",A15+1) -> 8 | B16: =Δαπάνες!$B$16 -> Δ2 | D16: =Δαπάνες!$D$16 -> Συντήρηση Καυστήρα | E16: =IF(Δαπάνες!$F$16="","",Δαπάνες!$F$16) -> 70 | F16: =IF(E16="","",IF($A$5="","",IF(INDIRECT(ADDRESS($B$5,16,3,,"Διαμερίσματα"))="","",VLOOKUP($A$5,Διαμερίσματα!$A$6:$P$27,Δαπάνες!E16)))) -> 39.393616 | G16: =IF(E16="","",E16*F16/1000) -> 2.7575531
A17: =IF(B17="","",A16+1) -> 9 | B17: =Δαπάνες!$B$17 -> Ε1 | C17: =Δαπάνες!$C$17 -> Έξοδα Ιδιοκτητών | D17: =Δαπάνες!$D$17 -> Συντήρηση Πολυκατοικίας | E17: =IF(Δαπάνες!$F$17="","",Δαπάνες!$F$17) -> 100 | F17: =IF(E17="","",IF($A$5="","",IF(INDIRECT(ADDRESS($B$5,13,3,,"Διαμερίσματα"))="","",VLOOKUP($A$5,Διαμερίσματα!$A$6:$N$27,Δαπάνες!E17)))) -> 107.75779 | G17: =IF(E17="","",E17*F17/1000) -> 10.775779
A18: =IF(B18="","",A17+1) -> 10 | B18: =Δαπάνες!$B$18 -> Ζ1 | C18: =Δαπάνες!$C$18 -> Λοιπά Έξοδα | D18: =Δαπάνες!$D$18 -> Πάγιο Αποθεματικό | E18: =IF(Δαπάνες!$F$18="","",Δαπάνες!$F$18) -> 200 | F18: =IF(E18="","",IF($A$5="","",IF(INDIRECT(ADDRESS($B$5,13,3,,"Διαμερίσματα"))="","",VLOOKUP($A$5,Διαμερίσματα!$A$6:$N$27,Δαπάνες!E18)))) -> 107.75779 | G18: =IF(E18="","",E18*F18/1000) -> 21.551559
A19: =IF(B19="","",A18+1) -> 11 | B19: =Δαπάνες!$B$19 -> Η1 | C19: =Δαπάνες!$C$19 -> Διαχείριση | D19: =Δαπάνες!$D$19 -> Αμοιβή Διαχειριστή | E19: =IF(Δαπάνες!$F$19="","",Δαπάνες!$F$19) -> 80 | F19: =IF(E19="","",IF($A$5="","",IF(INDIRECT(ADDRESS($B$5,13,3,,"Διαμερίσματα"))="","",VLOOKUP($A$5,Διαμερίσματα!$A$6:$N$27,Δαπάνες!E19)))) -> 107.75779 | G19: =IF(E19="","",E19*F19/1000) -> 8.6206234
A20: =IF(B20="","",A19+1) -> 12 | B20: =Δαπάνες!$B$20 -> Η2 | D20: =Δαπάνες!$D$20 -> Έκδοση Κοινοχρήστων | E20: =IF(Δαπάνες!$F$20="","",Δαπάνες!$F$20) -> 20 | F20: =IF(E20="","",IF(Διαμερίσματα!C12="",1000/Διαμερίσματα!$D$28,Διαμερίσματα!$B$30*10/Διαμερίσματα!$D$28)) -> 50 | G20: =IF(E20="","",E20*F20/1000) -> 1
A21: Σ Υ Ν Ο Λ Α (Πληρωτέο, με απόκλιση 0,5 €, λόγω στρογγυλοποίησης) | E21: =SUM(E9:E20) -> 1480 | G21: =SUM(G9:G20) -> 78.11043
A22: ='1-2'!$A$22:$G$22 -> Έγινε συντήρηση του καυστήρα.
A23: ='1-2'!$A$23:$G$23 -> Η συντήρηση του Ανελκυστήρα, από 55€*12μήνες, έγινε 55€*8μήνες.
E25: Επιστροφή στην ΠΛΟΗΓΗΣΗ
D26: =ΣΤΟΙΧΕΙΑ!$C$3 -> Κ Ο Ι Ν Ο Χ Ρ Η Σ Τ Α : | F26: =ΣΤΟΙΧΕΙΑ!$C$11 -> 40878
C27: =ΣΤΟΙΧΕΙΑ!$C$2 -> Πολυκατοικία : | D27: =ΣΤΟΙΧΕΙΑ!$C$12 -> Διευθύνση 123 | E27: =ΣΤΟΙΧΕΙΑ!$C$13 -> Νεάπολη - ΑΤΤΙΚΗΣ.
A28: =ΣΤΟΙΧΕΙΑ!$C$7 -> Επεξεργασία: Φ.Τσιρίδης, 6977-66.66.99 | D28: =IF(A30="","",IF(INDIRECT(ADDRESS(B30,9,3,,"Διαμερίσματα"))="","",(VLOOKUP(A30,Θέρμανση!$A$5:$H$26,8))*E40)) -> 0 | E28: =ΣΤΟΙΧΕΙΑ!$C$8 -> Διαχειριστής: Φ.Διαχειριστίδης, 697-1234567
A29: =4+A30 -> 12 | C29: Ιδιοκτήτης: | D29: =IF(A30="","",IF(INDIRECT(ADDRESS(B30,6,3,,"Διαμερίσματα"))="","",VLOOKUP(A30,Διαμερίσματα!$A$6:$N$27,6))) -> Ιδιοκτήτης-8 | E29: Τηλέφωνο: | F29: =IF(A30="","",IF(INDIRECT(ADDRESS(B30,7,3,,"Διαμερίσματα"))="","",VLOOKUP(A30,Διαμερίσματα!$A$6:$N$27,7)))
A30: =A5+1 -> 8 | B30: =5+A30 -> 13 | C30: Ένοικος: | D30: =IF(A30="","",IF(INDIRECT(ADDRESS(B30,9,3,,"Διαμερίσματα"))="","",VLOOKUP(A30,Διαμερίσματα!$A$6:$N$27,9))) -> Ιδιοκτήτης-8 | E30: Τηλέφωνο: | F30: =IF(A30="","",IF(INDIRECT(ADDRESS(B30,10,3,,"Διαμερίσματα"))="","",VLOOKUP(A30,Διαμερίσματα!$A$6:$N$27,10)))
A31: =IF(A30="","",IF(INDIRECT(ADDRESS(B30,2,3,,"Διαμερίσματα"))="","",VLOOKUP(A30,Διαμερίσματα!$A$6:$N$27,2))) -> Β1 | C31: =IF(A30="","",IF(INDIRECT(ADDRESS(B30,3,3,,"Διαμερίσματα"))="","",VLOOKUP(A30,Διαμερίσματα!$A$6:$N$27,3))) | D31: Όροφος : | E31: =IF(A30="","",IF(INDIRECT(ADDRESS(B30,4,3,,"Διαμερίσματα"))="","",VLOOKUP(A30,Διαμερίσματα!$A$6:$N$27,4))) -> 2ος | F31: =IF(A30="","",IF(INDIRECT(ADDRESS(B30,5,3,,"Διαμερίσματα"))="","",VLOOKUP(A30,Διαμερίσματα!$A$6:$N$27,5))) -> 60 | G31: τ.μ.
A32: Α/Α | B32: Κωδικός | C32: Κατηγορία | D32: Αιτιολογία | E32: Ολική Δαπάνη | F32: Χιλιοστά | G32: Πληρωτέο Ποσό
A33: 1 | B33: 2 | C33: 3 | D33: 4 | E33: 5 | F33: 6 | G33: 7
A34: =IF(B34="","",1) -> 1 | B34: =Δαπάνες!$B$9 -> Α1 | C34: =Δαπάνες!$C$9 -> Γενικά Κοινόχρηστα | D34: =Δαπάνες!$D$9 -> ΔΕΗ Κοινόχρηστων Χώρων | E34: =IF(Δαπάνες!$F$9="","",Δαπάνες!$F$9) -> 100 | F34: =IF(E34="","",IF($A$30="","",IF(INDIRECT(ADDRESS($B$30,14,3,,"Διαμερίσματα"))="","",VLOOKUP($A$30,Διαμερίσματα!$A$6:$N$27,Δαπάνες!E9)))) -> 33.401609 | G34: =IF(E34="","",E34*F34/1000) -> 3.3401609
A35: =IF(B35="","",A34+1) -> 2 | B35: =Δαπάνες!$B$10 -> Α2 | D35: =Δαπάνες!$D$10 -> Καθαρισμός Κοινόχρηστων Χώρων | E35: =IF(Δαπάνες!$F$10="","",Δαπάνες!$F$10) -> 70 | F35: =IF(E35="","",IF($A$30="","",IF(INDIRECT(ADDRESS($B$30,14,3,,"Διαμερίσματα"))="","",VLOOKUP($A$30,Διαμερίσματα!$A$6:$N$27,Δαπάνες!E10)))) -> 33.401609 | G35: =IF(E35="","",E35*F35/1000) -> 2.3381126
A36: =IF(B36="","",A35+1) -> 3 | B36: =Δαπάνες!$B$11 -> Α3 | D36: =Δαπάνες!$D$11 -> Υλικά Αναλώσιμα (Λάμπες κλπ) | E36: =IF(Δαπάνες!$F$11="","",Δαπάνες!$F$11) -> 10 | F36: =IF(E36="","",IF($A$30="","",IF(INDIRECT(ADDRESS($B$30,14,3,,"Διαμερίσματα"))="","",VLOOKUP($A$30,Διαμερίσματα!$A$6:$N$27,Δαπάνες!E11)))) -> 33.401609 | G36: =IF(E36="","",E36*F36/1000) -> 0.33401609
A37: =IF(B37="","",A36+1) -> 4 | B37: =Δαπάνες!$B$12 -> Β1 | C37: =Δαπάνες!$C$12 -> Ανελκυστήρας | D37: =Δαπάνες!$D$12 -> Συντήρηση Ανελκυστήρα | E37: =IF(Δαπάνες!$F$12="","",Δαπάνες!$F$12) -> 50 | F37: =IF(E37="","",IF($A$30="","",IF(INDIRECT(ADDRESS($B$30,12,3,,"Διαμερίσματα"))="","",VLOOKUP($A$30,Διαμερίσματα!$A$6:$N$27,Δαπάνες!E12)))) -> 33.401609 | G37: =IF(E37="","",E37*F37/1000) -> 1.6700804
A38: =IF(B38="","",A37+1) -> 5 | B38: =Δαπάνες!$B$13 -> Γ1 | C38: =Δαπάνες!$C$13 -> Έξοδα Κήπου | D38: =Δαπάνες!$D$13 -> Συντήρηση Κήπου | E38: =IF(Δαπάνες!$F$13="","",Δαπάνες!$F$13) -> 60 | F38: =IF(E38="","",IF($A$30="","",IF(INDIRECT(ADDRESS($B$30,13,3,,"Διαμερίσματα"))="","",VLOOKUP($A$30,Διαμερίσματα!$A$6:$N$27,Δαπάνες!E13)))) -> 33.401609 | G38: =IF(E38="","",E38*F38/1000) -> 2.0040965
A39: =IF(B39="","",A38+1) -> 6 | B39: =Δαπάνες!$B$14 -> Γ2 | D39: =Δαπάνες!$D$14 -> ΕΥΔΑΠ (Νερό) Κοινόχρηστων Χώρων | E39: =IF(Δαπάνες!$F$14="","",Δαπάνες!$F$14) -> 20 | F39: =IF(E39="","",IF($A$30="","",IF(INDIRECT(ADDRESS($B$30,13,3,,"Διαμερίσματα"))="","",VLOOKUP($A$30,Διαμερίσματα!$A$6:$N$27,Δαπάνες!E14)))) -> 33.401609 | G39: =IF(E39="","",E39*F39/1000) -> 0.66803217
A40: =IF(B40="","",A39+1) -> 7 | B40: =Δαπάνες!$B$15 -> Δ1 | C40: =Δαπάνες!$C$15 -> Θέρμανση | D40: =Δαπάνες!$D$15 -> Πετρέλαιο Αυτόνομης Θέρμανσης | E40: =IF(Δαπάνες!$F$15="","",Δαπάνες!$F$15) -> 700 | F40: =IF(E40="","",IF(A30="","",IF(HLOOKUP($F$1,Ώρες!$A$29:$P$52,A30+2)="","",HLOOKUP($F$1,Ώρες!$A$29:$P$52,A30+2)))) -> 21 | G40: =IF(A30="","",IF(INDIRECT(ADDRESS(A29,16,3,,"Θέρμανση"))="","",VLOOKUP(A30,Θέρμανση!$A$5:$R$26,18))) -> 48.494014
A41: =IF(B41="","",A40+1) -> 8 | B41: =Δαπάνες!$B$16 -> Δ2 | D41: =Δαπάνες!$D$16 -> Συντήρηση Καυστήρα | E41: =IF(Δαπάνες!$F$16="","",Δαπάνες!$F$16) -> 70 | F41: =IF(E41="","",IF($A$30="","",IF(INDIRECT(ADDRESS($B$30,16,3,,"Διαμερίσματα"))="","",VLOOKUP($A$30,Διαμερίσματα!$A$6:$P$27,Δαπάνες!E16)))) -> 69.392548 | G41: =IF(E41="","",E41*F41/1000) -> 4.8574784
A42: =IF(B42="","",A41+1) -> 9 | B42: =Δαπάνες!$B$17 -> Ε1 | C42: =Δαπάνες!$C$17 -> Έξοδα Ιδιοκτητών | D42: =Δαπάνες!$D$17 -> Συντήρηση Πολυκατοικίας | E42: =IF(Δαπάνες!$F$17="","",Δαπάνες!$F$17) -> 100 | F42: =IF(E42="","",IF($A$30="","",IF(INDIRECT(ADDRESS($B$30,13,3,,"Διαμερίσματα"))="","",VLOOKUP($A$30,Διαμερίσματα!$A$6:$N$27,Δαπάνες!E17)))) -> 33.401609 | G42: =IF(E42="","",E42*F42/1000) -> 3.3401609
A43: =IF(B43="","",A42+1) -> 10 | B43: =Δαπάνες!$B$18 -> Ζ1 | C43: =Δαπάνες!$C$18 -> Λοιπά Έξοδα | D43: =Δαπάνες!$D$18 -> Πάγιο Αποθεματικό | E43: =IF(Δαπάνες!$F$18="","",Δαπάνες!$F$18) -> 200 | F43: =IF(E43="","",IF($A$30="","",IF(INDIRECT(ADDRESS($B$30,13,3,,"Διαμερίσματα"))="","",VLOOKUP($A$30,Διαμερίσματα!$A$6:$N$27,Δαπάνες!E18)))) -> 33.401609 | G43: =IF(E43="","",E43*F43/1000) -> 6.6803217
A44: =IF(B44="","",A43+1) -> 11 | B44: =Δαπάνες!$B$19 -> Η1 | C44: =Δαπάνες!$C$19 -> Διαχείριση | D44: =Δαπάνες!$D$19 -> Αμοιβή Διαχειριστή | E44: =IF(Δαπάνες!$F$19="","",Δαπάνες!$F$19) -> 80 | F44: =IF(E44="","",IF($A$30="","",IF(INDIRECT(ADDRESS($B$30,13,3,,"Διαμερίσματα"))="","",VLOOKUP($A$30,Διαμερίσματα!$A$6:$N$27,Δαπάνες!E19)))) -> 33.401609 | G44: =IF(E44="","",E44*F44/1000) -> 2.6721287
A45: =IF(B45="","",A44+1) -> 12 | B45: =Δαπάνες!$B$20 -> Η2 | D45: =Δαπάνες!$D$20 -> Έκδοση Κοινοχρήστων | E45: =IF(Δαπάνες!$F$20="","",Δαπάνες!$F$20) -> 20 | F45: =IF(E45="","",IF(Διαμερίσματα!C13="",1000/Διαμερίσματα!$D$28,Διαμερίσματα!$B$30*10/Διαμερίσματα!$D$28)) -> 50 | G45: =IF(E45="","",E45*F45/1000) -> 1
A46: Σ Υ Ν Ο Λ Α (Πληρωτέο, με απόκλιση 0,5 €, λόγω στρογγυλοποίησης) | E46: =SUM(E34:E45) -> 1480 | G46: =SUM(G34:G45) -> 77.398602
A47: ='1-2'!$A$22:$G$22 -> Έγινε συντήρηση του καυστήρα.
A48: ='1-2'!$A$23:$G$23 -> Η συντήρηση του Ανελκυστήρα, από 55€*12μήνες, έγινε 55€*8μήνες.

Sheet 9-10
D1: =ΣΤΟΙΧΕΙΑ!$C$3 -> Κ Ο Ι Ν Ο Χ Ρ Η Σ Τ Α : | F1: =ΣΤΟΙΧΕΙΑ!$C$11 -> 40878
C2: =ΣΤΟΙΧΕΙΑ!$C$2 -> Πολυκατοικία : | D2: =ΣΤΟΙΧΕΙΑ!$C$12 -> Διευθύνση 123 | E2: =ΣΤΟΙΧΕΙΑ!$C$13 -> Νεάπολη - ΑΤΤΙΚΗΣ.
A3: =ΣΤΟΙΧΕΙΑ!$C$7 -> Επεξεργασία: Φ.Τσιρίδης, 6977-66.66.99 | D3: =IF(A5="","",IF(INDIRECT(ADDRESS(B5,9,3,,"Διαμερίσματα"))="","",(VLOOKUP(A5,Θέρμανση!$A$5:$H$26,8))*E15)) -> 0 | E3: =ΣΤΟΙΧΕΙΑ!$C$8 -> Διαχειριστής: Φ.Διαχειριστίδης, 697-1234567
A4: =4+A5 -> 13 | C4: Ιδιοκτήτης: | D4: =IF(A5="","",IF(INDIRECT(ADDRESS(B5,6,3,,"Διαμερίσματα"))="","",VLOOKUP(A5,Διαμερίσματα!$A$6:$N$27,6))) -> Ιδιοκτήτης-9 | E4: Τηλέφωνο: | F4: =IF(A5="","",IF(INDIRECT(ADDRESS(B5,7,3,,"Διαμερίσματα"))="","",VLOOKUP(A5,Διαμερίσματα!$A$6:$N$27,7)))
A5: =Διαμερίσματα!$A$14 -> 9 | B5: =5+A5 -> 14 | C5: Ένοικος: | D5: =IF(A5="","",IF(INDIRECT(ADDRESS(B5,9,3,,"Διαμερίσματα"))="","",VLOOKUP(A5,Διαμερίσματα!$A$6:$N$27,9))) -> Ιδιοκτήτης-9 | E5: Τηλέφωνο: | F5: =IF(A5="","",IF(INDIRECT(ADDRESS(B5,10,3,,"Διαμερίσματα"))="","",VLOOKUP(A5,Διαμερίσματα!$A$6:$N$27,10)))
A6: =IF(A5="","",IF(INDIRECT(ADDRESS(B5,2,3,,"Διαμερίσματα"))="","",VLOOKUP(A5,Διαμερίσματα!$A$6:$N$27,2))) -> Β2 | C6: =IF(A5="","",IF(INDIRECT(ADDRESS(B5,3,3,,"Διαμερίσματα"))="","",VLOOKUP(A5,Διαμερίσματα!$A$6:$N$27,3))) | D6: Όροφος : | E6: =IF(A5="","",IF(INDIRECT(ADDRESS(B5,4,3,,"Διαμερίσματα"))="","",VLOOKUP(A5,Διαμερίσματα!$A$6:$N$27,4))) -> 2ος | F6: =IF(A5="","",IF(INDIRECT(ADDRESS(B5,5,3,,"Διαμερίσματα"))="","",VLOOKUP(A5,Διαμερίσματα!$A$6:$N$27,5))) -> 50 | G6: τ.μ.
A7: Α/Α | B7: Κωδικός | C7: Κατηγορία | D7: Αιτιολογία | E7: Ολική Δαπάνη | F7: Χιλιοστά | G7: Πληρωτέο Ποσό
A8: 1 | B8: 2 | C8: 3 | D8: 4 | E8: 5 | F8: 6 | G8: 7
A9: =IF(B9="","",1) -> 1 | B9: =Δαπάνες!$B$9 -> Α1 | C9: =Δαπάνες!$C$9 -> Γενικά Κοινόχρηστα | D9: =Δαπάνες!$D$9 -> ΔΕΗ Κοινόχρηστων Χώρων | E9: =IF(Δαπάνες!$F$9="","",Δαπάνες!$F$9) -> 100 | F9: =IF(E9="","",IF($A$5="","",IF(INDIRECT(ADDRESS($B$5,14,3,,"Διαμερίσματα"))="","",VLOOKUP($A$5,Διαμερίσματα!$A$6:$N$27,Δαπάνες!E9)))) -> 140.08193 | G9: =IF(E9="","",E9*F9/1000) -> 14.008193
A10: =IF(B10="","",A9+1) -> 2 | B10: =Δαπάνες!$B$10 -> Α2 | D10: =Δαπάνες!$D$10 -> Καθαρισμός Κοινόχρηστων Χώρων | E10: =IF(Δαπάνες!$F$10="","",Δαπάνες!$F$10) -> 70 | F10: =IF(E10="","",IF($A$5="","",IF(INDIRECT(ADDRESS($B$5,14,3,,"Διαμερίσματα"))="","",VLOOKUP($A$5,Διαμερίσματα!$A$6:$N$27,Δαπάνες!E10)))) -> 140.08193 | G10: =IF(E10="","",E10*F10/1000) -> 9.8057351
A11: =IF(B11="","",A10+1) -> 3 | B11: =Δαπάνες!$B$11 -> Α3 | D11: =Δαπάνες!$D$11 -> Υλικά Αναλώσιμα (Λάμπες κλπ) | E11: =IF(Δαπάνες!$F$11="","",Δαπάνες!$F$11) -> 10 | F11: =IF(E11="","",IF($A$5="","",IF(INDIRECT(ADDRESS($B$5,14,3,,"Διαμερίσματα"))="","",VLOOKUP($A$5,Διαμερίσματα!$A$6:$N$27,Δαπάνες!E11)))) -> 140.08193 | G11: =IF(E11="","",E11*F11/1000) -> 1.4008193
A12: =IF(B12="","",A11+1) -> 4 | B12: =Δαπάνες!$B$12 -> Β1 | C12: =Δαπάνες!$C$12 -> Ανελκυστήρας | D12: =Δαπάνες!$D$12 -> Συντήρηση Ανελκυστήρα | E12: =IF(Δαπάνες!$F$12="","",Δαπάνες!$F$12) -> 50 | F12: =IF(E12="","",IF($A$5="","",IF(INDIRECT(ADDRESS($B$5,12,3,,"Διαμερίσματα"))="","",VLOOKUP($A$5,Διαμερίσματα!$A$6:$N$27,Δαπάνες!E12)))) -> 140.08193 | G12: =IF(E12="","",E12*F12/1000) -> 7.0040965
A13: =IF(B13="","",A12+1) -> 5 | B13: =Δαπάνες!$B$13 -> Γ1 | C13: =Δαπάνες!$C$13 -> Έξοδα Κήπου | D13: =Δαπάνες!$D$13 -> Συντήρηση Κήπου | E13: =IF(Δαπάνες!$F$13="","",Δαπάνες!$F$13) -> 60 | F13: =IF(E13="","",IF($A$5="","",IF(INDIRECT(ADDRESS($B$5,13,3,,"Διαμερίσματα"))="","",VLOOKUP($A$5,Διαμερίσματα!$A$6:$N$27,Δαπάνες!E13)))) -> 140.08193 | G13: =IF(E13="","",E13*F13/1000) -> 8.4049158
A14: =IF(B14="","",A13+1) -> 6 | B14: =Δαπάνες!$B$14 -> Γ2 | D14: =Δαπάνες!$D$14 -> ΕΥΔΑΠ (Νερό) Κοινόχρηστων Χώρων | E14: =IF(Δαπάνες!$F$14="","",Δαπάνες!$F$14) -> 20 | F14: =IF(E14="","",IF($A$5="","",IF(INDIRECT(ADDRESS($B$5,13,3,,"Διαμερίσματα"))="","",VLOOKUP($A$5,Διαμερίσματα!$A$6:$N$27,Δαπάνες!E14)))) -> 140.08193 | G14: =IF(E14="","",E14*F14/1000) -> 2.8016386
A15: =IF(B15="","",A14+1) -> 7 | B15: =Δαπάνες!$B$15 -> Δ1 | C15: =Δαπάνες!$C$15 -> Θέρμανση | D15: =Δαπάνες!$D$15 -> Πετρέλαιο Αυτόνομης Θέρμανσης | E15: =IF(Δαπάνες!$F$15="","",Δαπάνες!$F$15) -> 700 | F15: =IF(E15="","",IF(A5="","",IF(HLOOKUP($F$1,Ώρες!$A$29:$P$52,A5+2)="","",HLOOKUP($F$1,Ώρες!$A$29:$P$52,A5+2)))) -> 12 | G15: =IF(A5="","",IF(INDIRECT(ADDRESS(A4,16,3,,"Θέρμανση"))="","",VLOOKUP(A5,Θέρμανση!$A$5:$R$26,18))) -> 30.311423
A16: =IF(B16="","",A15+1) -> 8 | B16: =Δαπάνες!$B$16 -> Δ2 | D16: =Δαπάνες!$D$16 -> Συντήρηση Καυστήρα | E16: =IF(Δαπάνες!$F$16="","",Δαπάνες!$F$16) -> 70 | F16: =IF(E16="","",IF($A$5="","",IF(INDIRECT(ADDRESS($B$5,16,3,,"Διαμερίσματα"))="","",VLOOKUP($A$5,Διαμερίσματα!$A$6:$P$27,Δαπάνες!E16)))) -> 75.904772 | G16: =IF(E16="","",E16*F16/1000) -> 5.313334
A17: =IF(B17="","",A16+1) -> 9 | B17: =Δαπάνες!$B$17 -> Ε1 | C17: =Δαπάνες!$C$17 -> Έξοδα Ιδιοκτητών | D17: =Δαπάνες!$D$17 -> Συντήρηση Πολυκατοικίας | E17: =IF(Δαπάνες!$F$17="","",Δαπάνες!$F$17) -> 100 | F17: =IF(E17="","",IF($A$5="","",IF(INDIRECT(ADDRESS($B$5,13,3,,"Διαμερίσματα"))="","",VLOOKUP($A$5,Διαμερίσματα!$A$6:$N$27,Δαπάνες!E17)))) -> 140.08193 | G17: =IF(E17="","",E17*F17/1000) -> 14.008193
A18: =IF(B18="","",A17+1) -> 10 | B18: =Δαπάνες!$B$18 -> Ζ1 | C18: =Δαπάνες!$C$18 -> Λοιπά Έξοδα | D18: =Δαπάνες!$D$18 -> Πάγιο Αποθεματικό | E18: =IF(Δαπάνες!$F$18="","",Δαπάνες!$F$18) -> 200 | F18: =IF(E18="","",IF($A$5="","",IF(INDIRECT(ADDRESS($B$5,13,3,,"Διαμερίσματα"))="","",VLOOKUP($A$5,Διαμερίσματα!$A$6:$N$27,Δαπάνες!E18)))) -> 140.08193 | G18: =IF(E18="","",E18*F18/1000) -> 28.016386
A19: =IF(B19="","",A18+1) -> 11 | B19: =Δαπάνες!$B$19 -> Η1 | C19: =Δαπάνες!$C$19 -> Διαχείριση | D19: =Δαπάνες!$D$19 -> Αμοιβή Διαχειριστή | E19: =IF(Δαπάνες!$F$19="","",Δαπάνες!$F$19) -> 80 | F19: =IF(E19="","",IF($A$5="","",IF(INDIRECT(ADDRESS($B$5,13,3,,"Διαμερίσματα"))="","",VLOOKUP($A$5,Διαμερίσματα!$A$6:$N$27,Δαπάνες!E19)))) -> 140.08193 | G19: =IF(E19="","",E19*F19/1000) -> 11.206554
A20: =IF(B20="","",A19+1) -> 12 | B20: =Δαπάνες!$B$20 -> Η2 | D20: =Δαπάνες!$D$20 -> Έκδοση Κοινοχρήστων | E20: =IF(Δαπάνες!$F$20="","",Δαπάνες!$F$20) -> 20 | F20: =IF(E20="","",IF(Διαμερίσματα!C14="",1000/Διαμερίσματα!$D$28,Διαμερίσματα!$B$30*10/Διαμερίσματα!$D$28)) -> 50 | G20: =IF(E20="","",E20*F20/1000) -> 1
A21: Σ Υ Ν Ο Λ Α (Πληρωτέο, με απόκλιση 0,5 €, λόγω στρογγυλοποίησης) | E21: =SUM(E9:E20) -> 1480 | G21: =SUM(G9:G20) -> 133.28129
A22: ='1-2'!$A$22:$G$22 -> Έγινε συντήρηση του καυστήρα.
A23: ='1-2'!$A$23:$G$23 -> Η συντήρηση του Ανελκυστήρα, από 55€*12μήνες, έγινε 55€*8μήνες.
E25: Επιστροφή στην ΠΛΟΗΓΗΣΗ
D26: =ΣΤΟΙΧΕΙΑ!$C$3 -> Κ Ο Ι Ν Ο Χ Ρ Η Σ Τ Α : | F26: =ΣΤΟΙΧΕΙΑ!$C$11 -> 40878
C27: =ΣΤΟΙΧΕΙΑ!$C$2 -> Πολυκατοικία : | D27: =ΣΤΟΙΧΕΙΑ!$C$12 -> Διευθύνση 123 | E27: =ΣΤΟΙΧΕΙΑ!$C$13 -> Νεάπολη - ΑΤΤΙΚΗΣ.
A28: =ΣΤΟΙΧΕΙΑ!$C$7 -> Επεξεργασία: Φ.Τσιρίδης, 6977-66.66.99 | D28: =IF(A30="","",IF(INDIRECT(ADDRESS(B30,9,3,,"Διαμερίσματα"))="","",(VLOOKUP(A30,Θέρμανση!$A$5:$H$26,8))*E40)) -> 0 | E28: =ΣΤΟΙΧΕΙΑ!$C$8 -> Διαχειριστής: Φ.Διαχειριστίδης, 697-1234567
A29: =4+A30 -> 14 | C29: Ιδιοκτήτης: | D29: =IF(A30="","",IF(INDIRECT(ADDRESS(B30,6,3,,"Διαμερίσματα"))="","",VLOOKUP(A30,Διαμερίσματα!$A$6:$N$27,6))) -> Ιδιοκτήτης-10 | E29: Τηλέφωνο: | F29: =IF(A30="","",IF(INDIRECT(ADDRESS(B30,7,3,,"Διαμερίσματα"))="","",VLOOKUP(A30,Διαμερίσματα!$A$6:$N$27,7)))
A30: =A5+1 -> 10 | B30: =5+A30 -> 15 | C30: Ένοικος: | D30: =IF(A30="","",IF(INDIRECT(ADDRESS(B30,9,3,,"Διαμερίσματα"))="","",VLOOKUP(A30,Διαμερίσματα!$A$6:$N$27,9))) -> Ιδιοκτήτης-10 | E30: Τηλέφωνο: | F30: =IF(A30="","",IF(INDIRECT(ADDRESS(B30,10,3,,"Διαμερίσματα"))="","",VLOOKUP(A30,Διαμερίσματα!$A$6:$N$27,10)))
A31: =IF(A30="","",IF(INDIRECT(ADDRESS(B30,2,3,,"Διαμερίσματα"))="","",VLOOKUP(A30,Διαμερίσματα!$A$6:$N$27,2))) -> Β3 | C31: =IF(A30="","",IF(INDIRECT(ADDRESS(B30,3,3,,"Διαμερίσματα"))="","",VLOOKUP(A30,Διαμερίσματα!$A$6:$N$27,3))) | D31: Όροφος : | E31: =IF(A30="","",IF(INDIRECT(ADDRESS(B30,4,3,,"Διαμερίσματα"))="","",VLOOKUP(A30,Διαμερίσματα!$A$6:$N$27,4))) -> 2ος | F31: =IF(A30="","",IF(INDIRECT(ADDRESS(B30,5,3,,"Διαμερίσματα"))="","",VLOOKUP(A30,Διαμερίσματα!$A$6:$N$27,5))) -> 60 | G31: τ.μ.
A32: Α/Α | B32: Κωδικός | C32: Κατηγορία | D32: Αιτιολογία | E32: Ολική Δαπάνη | F32: Χιλιοστά | G32: Πληρωτέο Ποσό
A33: 1 | B33: 2 | C33: 3 | D33: 4 | E33: 5 | F33: 6 | G33: 7
A34: =IF(B34="","",1) -> 1 | B34: =Δαπάνες!$B$9 -> Α1 | C34: =Δαπάνες!$C$9 -> Γενικά Κοινόχρηστα | D34: =Δαπάνες!$D$9 -> ΔΕΗ Κοινόχρηστων Χώρων | E34: =IF(Δαπάνες!$F$9="","",Δαπάνες!$F$9) -> 100 | F34: =IF(E34="","",IF($A$30="","",IF(INDIRECT(ADDRESS($B$30,14,3,,"Διαμερίσματα"))="","",VLOOKUP($A$30,Διαμερίσματα!$A$6:$N$27,Δαπάνες!E9)))) -> 140.08193 | G34: =IF(E34="","",E34*F34/1000) -> 14.008193
A35: =IF(B35="","",A34+1) -> 2 | B35: =Δαπάνες!$B$10 -> Α2 | D35: =Δαπάνες!$D$10 -> Καθαρισμός Κοινόχρηστων Χώρων | E35: =IF(Δαπάνες!$F$10="","",Δαπάνες!$F$10) -> 70 | F35: =IF(E35="","",IF($A$30="","",IF(INDIRECT(ADDRESS($B$30,14,3,,"Διαμερίσματα"))="","",VLOOKUP($A$30,Διαμερίσματα!$A$6:$N$27,Δαπάνες!E10)))) -> 140.08193 | G35: =IF(E35="","",E35*F35/1000) -> 9.8057351
A36: =IF(B36="","",A35+1) -> 3 | B36: =Δαπάνες!$B$11 -> Α3 | D36: =Δαπάνες!$D$11 -> Υλικά Αναλώσιμα (Λάμπες κλπ) | E36: =IF(Δαπάνες!$F$11="","",Δαπάνες!$F$11) -> 10 | F36: =IF(E36="","",IF($A$30="","",IF(INDIRECT(ADDRESS($B$30,14,3,,"Διαμερίσματα"))="","",VLOOKUP($A$30,Διαμερίσματα!$A$6:$N$27,Δαπάνες!E11)))) -> 140.08193 | G36: =IF(E36="","",E36*F36/1000) -> 1.4008193
A37: =IF(B37="","",A36+1) -> 4 | B37: =Δαπάνες!$B$12 -> Β1 | C37: =Δαπάνες!$C$12 -> Ανελκυστήρας | D37: =Δαπάνες!$D$12 -> Συντήρηση Ανελκυστήρα | E37: =IF(Δαπάνες!$F$12="","",Δαπάνες!$F$12) -> 50 | F37: =IF(E37="","",IF($A$30="","",IF(INDIRECT(ADDRESS($B$30,12,3,,"Διαμερίσματα"))="","",VLOOKUP($A$30,Διαμερίσματα!$A$6:$N$27,Δαπάνες!E12)))) -> 140.08193 | G37: =IF(E37="","",E37*F37/1000) -> 7.0040965
A38: =IF(B38="","",A37+1) -> 5 | B38: =Δαπάνες!$B$13 -> Γ1 | C38: =Δαπάνες!$C$13 -> Έξοδα Κήπου | D38: =Δαπάνες!$D$13 -> Συντήρηση Κήπου | E38: =IF(Δαπάνες!$F$13="","",Δαπάνες!$F$13) -> 60 | F38: =IF(E38="","",IF($A$30="","",IF(INDIRECT(ADDRESS($B$30,13,3,,"Διαμερίσματα"))="","",VLOOKUP($A$30,Διαμερίσματα!$A$6:$N$27,Δαπάνες!E13)))) -> 140.08193 | G38: =IF(E38="","",E38*F38/1000) -> 8.4049158
A39: =IF(B39="","",A38+1) -> 6 | B39: =Δαπάνες!$B$14 -> Γ2 | D39: =Δαπάνες!$D$14 -> ΕΥΔΑΠ (Νερό) Κοινόχρηστων Χώρων | E39: =IF(Δαπάνες!$F$14="","",Δαπάνες!$F$14) -> 20 | F39: =IF(E39="","",IF($A$30="","",IF(INDIRECT(ADDRESS($B$30,13,3,,"Διαμερίσματα"))="","",VLOOKUP($A$30,Διαμερίσματα!$A$6:$N$27,Δαπάνες!E14)))) -> 140.08193 | G39: =IF(E39="","",E39*F39/1000) -> 2.8016386
A40: =IF(B40="","",A39+1) -> 7 | B40: =Δαπάνες!$B$15 -> Δ1 | C40: =Δαπάνες!$C$15 -> Θέρμανση | D40: =Δαπάνες!$D$15 -> Πετρέλαιο Αυτόνομης Θέρμανσης | E40: =IF(Δαπάνες!$F$15="","",Δαπάνες!$F$15) -> 700 | F40: =IF(E40="","",IF(A30="","",IF(HLOOKUP($F$1,Ώρες!$A$29:$P$52,A30+2)="","",HLOOKUP($F$1,Ώρες!$A$29:$P$52,A30+2)))) -> 60 | G40: =IF(A30="","",IF(INDIRECT(ADDRESS(A29,16,3,,"Θέρμανση"))="","",VLOOKUP(A30,Θέρμανση!$A$5:$R$26,18))) -> 134.29112
A41: =IF(B41="","",A40+1) -> 8 | B41: =Δαπάνες!$B$16 -> Δ2 | D41: =Δαπάνες!$D$16 -> Συντήρηση Καυστήρα | E41: =IF(Δαπάνες!$F$16="","",Δαπάνες!$F$16) -> 70 | F41: =IF(E41="","",IF($A$30="","",IF(INDIRECT(ADDRESS($B$30,16,3,,"Διαμερίσματα"))="","",VLOOKUP($A$30,Διαμερίσματα!$A$6:$P$27,Δαπάνες!E16)))) -> 67.257393 | G41: =IF(E41="","",E41*F41/1000) -> 4.7080175
A42: =IF(B42="","",A41+1) -> 9 | B42: =Δαπάνες!$B$17 -> Ε1 | C42: =Δαπάνες!$C$17 -> Έξοδα Ιδιοκτητών | D42: =Δαπάνες!$D$17 -> Συντήρηση Πολυκατοικίας | E42: =IF(Δαπάνες!$F$17="","",Δαπάνες!$F$17) -> 100 | F42: =IF(E42="","",IF($A$30="","",IF(INDIRECT(ADDRESS($B$30,13,3,,"Διαμερίσματα"))="","",VLOOKUP($A$30,Διαμερίσματα!$A$6:$N$27,Δαπάνες!E17)))) -> 140.08193 | G42: =IF(E42="","",E42*F42/1000) -> 14.008193
A43: =IF(B43="","",A42+1) -> 10 | B43: =Δαπάνες!$B$18 -> Ζ1 | C43: =Δαπάνες!$C$18 -> Λοιπά Έξοδα | D43: =Δαπάνες!$D$18 -> Πάγιο Αποθεματικό | E43: =IF(Δαπάνες!$F$18="","",Δαπάνες!$F$18) -> 200 | F43: =IF(E43="","",IF($A$30="","",IF(INDIRECT(ADDRESS($B$30,13,3,,"Διαμερίσματα"))="","",VLOOKUP($A$30,Διαμερίσματα!$A$6:$N$27,Δαπάνες!E18)))) -> 140.08193 | G43: =IF(E43="","",E43*F43/1000) -> 28.016386
A44: =IF(B44="","",A43+1) -> 11 | B44: =Δαπάνες!$B$19 -> Η1 | C44: =Δαπάνες!$C$19 -> Διαχείριση | D44: =Δαπάνες!$D$19 -> Αμοιβή Διαχειριστή | E44: =IF(Δαπάνες!$F$19="","",Δαπάνες!$F$19) -> 80 | F44: =IF(E44="","",IF($A$30="","",IF(INDIRECT(ADDRESS($B$30,13,3,,"Διαμερίσματα"))="","",VLOOKUP($A$30,Διαμερίσματα!$A$6:$N$27,Δαπάνες!E19)))) -> 140.08193 | G44: =IF(E44="","",E44*F44/1000) -> 11.206554
A45: =IF(B45="","",A44+1) -> 12 | B45: =Δαπάνες!$B$20 -> Η2 | D45: =Δαπάνες!$D$20 -> Έκδοση Κοινοχρήστων | E45: =IF(Δαπάνες!$F$20="","",Δαπάνες!$F$20) -> 20 | F45: =IF(E45="","",IF(Διαμερίσματα!C15="",1000/Διαμερίσματα!$D$28,Διαμερίσματα!$B$30*10/Διαμερίσματα!$D$28)) -> 50 | G45: =IF(E45="","",E45*F45/1000) -> 1
A46: Σ Υ Ν Ο Λ Α (Πληρωτέο, με απόκλιση 0,5 €, λόγω στρογγυλοποίησης) | E46: =SUM(E34:E45) -> 1480 | G46: =SUM(G34:G45) -> 236.65566
A47: ='1-2'!$A$22:$G$22 -> Έγινε συντήρηση του καυστήρα.
A48: ='1-2'!$A$23:$G$23 -> Η συντήρηση του Ανελκυστήρα, από 55€*12μήνες, έγινε 55€*8μήνες.

Sheet 11-12
D1: =ΣΤΟΙΧΕΙΑ!$C$3 -> Κ Ο Ι Ν Ο Χ Ρ Η Σ Τ Α : | F1: =ΣΤΟΙΧΕΙΑ!$C$11 -> 40878
C2: =ΣΤΟΙΧΕΙΑ!$C$2 -> Πολυκατοικία : | D2: =ΣΤΟΙΧΕΙΑ!$C$12 -> Διευθύνση 123 | E2: =ΣΤΟΙΧΕΙΑ!$C$13 -> Νεάπολη - ΑΤΤΙΚΗΣ.
A3: =ΣΤΟΙΧΕΙΑ!$C$7 -> Επεξεργασία: Φ.Τσιρίδης, 6977-66.66.99 | D3: =IF(A5="","",IF(INDIRECT(ADDRESS(B5,9,3,,"Διαμερίσματα"))="","",(VLOOKUP(A5,Θέρμανση!$A$5:$H$26,8))*E15)) -> 0 | E3: =ΣΤΟΙΧΕΙΑ!$C$8 -> Διαχειριστής: Φ.Διαχειριστίδης, 697-1234567
A4: =4+A5 -> 15 | C4: Ιδιοκτήτης: | D4: =IF(A5="","",IF(INDIRECT(ADDRESS(B5,6,3,,"Διαμερίσματα"))="","",VLOOKUP(A5,Διαμερίσματα!$A$6:$N$27,6))) -> Ιδιοκτήτης-11 | E4: Τηλέφωνο: | F4: =IF(A5="","",IF(INDIRECT(ADDRESS(B5,7,3,,"Διαμερίσματα"))="","",VLOOKUP(A5,Διαμερίσματα!$A$6:$N$27,7)))
A5: =Διαμερίσματα!$A$16 -> 11 | B5: =5+A5 -> 16 | C5: Ένοικος: | D5: =IF(A5="","",IF(INDIRECT(ADDRESS(B5,9,3,,"Διαμερίσματα"))="","",VLOOKUP(A5,Διαμερίσματα!$A$6:$N$27,9))) -> Ιδιοκτήτης-11 | E5: Τηλέφωνο: | F5: =IF(A5="","",IF(INDIRECT(ADDRESS(B5,10,3,,"Διαμερίσματα"))="","",VLOOKUP(A5,Διαμερίσματα!$A$6:$N$27,10)))
A6: =IF(A5="","",IF(INDIRECT(ADDRESS(B5,2,3,,"Διαμερίσματα"))="","",VLOOKUP(A5,Διαμερίσματα!$A$6:$N$27,2))) -> Β4 | C6: =IF(A5="","",IF(INDIRECT(ADDRESS(B5,3,3,,"Διαμερίσματα"))="","",VLOOKUP(A5,Διαμερίσματα!$A$6:$N$27,3))) -> ΝΑΙ | D6: Όροφος : | E6: =IF(A5="","",IF(INDIRECT(ADDRESS(B5,4,3,,"Διαμερίσματα"))="","",VLOOKUP(A5,Διαμερίσματα!$A$6:$N$27,4))) -> 2ος | F6: =IF(A5="","",IF(INDIRECT(ADDRESS(B5,5,3,,"Διαμερίσματα"))="","",VLOOKUP(A5,Διαμερίσματα!$A$6:$N$27,5))) -> 50 | G6: τ.μ.
A7: Α/Α | B7: Κωδικός | C7: Κατηγορία | D7: Αιτιολογία | E7: Ολική Δαπάνη | F7: Χιλιοστά | G7: Πληρωτέο Ποσό
A8: 1 | B8: 2 | C8: 3 | D8: 4 | E8: 5 | F8: 6 | G8: 7
A9: =IF(B9="","",1) -> 1 | B9: =Δαπάνες!$B$9 -> Α1 | C9: =Δαπάνες!$C$9 -> Γενικά Κοινόχρηστα | D9: =Δαπάνες!$D$9 -> ΔΕΗ Κοινόχρηστων Χώρων | E9: =IF(Δαπάνες!$F$9="","",Δαπάνες!$F$9) -> 100 | F9: =IF(E9="","",IF($A$5="","",IF(INDIRECT(ADDRESS($B$5,14,3,,"Διαμερίσματα"))="","",VLOOKUP($A$5,Διαμερίσματα!$A$6:$N$27,Δαπάνες!E9)))) -> 0 | G9: =IF(E9="","",E9*F9/1000) -> 0
A10: =IF(B10="","",A9+1) -> 2 | B10: =Δαπάνες!$B$10 -> Α2 | D10: =Δαπάνες!$D$10 -> Καθαρισμός Κοινόχρηστων Χώρων | E10: =IF(Δαπάνες!$F$10="","",Δαπάνες!$F$10) -> 70 | F10: =IF(E10="","",IF($A$5="","",IF(INDIRECT(ADDRESS($B$5,14,3,,"Διαμερίσματα"))="","",VLOOKUP($A$5,Διαμερίσματα!$A$6:$N$27,Δαπάνες!E10)))) -> 0 | G10: =IF(E10="","",E10*F10/1000) -> 0
A11: =IF(B11="","",A10+1) -> 3 | B11: =Δαπάνες!$B$11 -> Α3 | D11: =Δαπάνες!$D$11 -> Υλικά Αναλώσιμα (Λάμπες κλπ) | E11: =IF(Δαπάνες!$F$11="","",Δαπάνες!$F$11) -> 10 | F11: =IF(E11="","",IF($A$5="","",IF(INDIRECT(ADDRESS($B$5,14,3,,"Διαμερίσματα"))="","",VLOOKUP($A$5,Διαμερίσματα!$A$6:$N$27,Δαπάνες!E11)))) -> 0 | G11: =IF(E11="","",E11*F11/1000) -> 0
A12: =IF(B12="","",A11+1) -> 4 | B12: =Δαπάνες!$B$12 -> Β1 | C12: =Δαπάνες!$C$12 -> Ανελκυστήρας | D12: =Δαπάνες!$D$12 -> Συντήρηση Ανελκυστήρα | E12: =IF(Δαπάνες!$F$12="","",Δαπάνες!$F$12) -> 50 | F12: =IF(E12="","",IF($A$5="","",IF(INDIRECT(ADDRESS($B$5,12,3,,"Διαμερίσματα"))="","",VLOOKUP($A$5,Διαμερίσματα!$A$6:$N$27,Δαπάνες!E12)))) -> 0 | G12: =IF(E12="","",E12*F12/1000) -> 0
A13: =IF(B13="","",A12+1) -> 5 | B13: =Δαπάνες!$B$13 -> Γ1 | C13: =Δαπάνες!$C$13 -> Έξοδα Κήπου | D13: =Δαπάνες!$D$13 -> Συντήρηση Κήπου | E13: =IF(Δαπάνες!$F$13="","",Δαπάνες!$F$13) -> 60 | F13: =IF(E13="","",IF($A$5="","",IF(INDIRECT(ADDRESS($B$5,13,3,,"Διαμερίσματα"))="","",VLOOKUP($A$5,Διαμερίσματα!$A$6:$N$27,Δαπάνες!E13)))) -> 0 | G13: =IF(E13="","",E13*F13/1000) -> 0
A14: =IF(B14="","",A13+1) -> 6 | B14: =Δαπάνες!$B$14 -> Γ2 | D14: =Δαπάνες!$D$14 -> ΕΥΔΑΠ (Νερό) Κοινόχρηστων Χώρων | E14: =IF(Δαπάνες!$F$14="","",Δαπάνες!$F$14) -> 20 | F14: =IF(E14="","",IF($A$5="","",IF(INDIRECT(ADDRESS($B$5,13,3,,"Διαμερίσματα"))="","",VLOOKUP($A$5,Διαμερίσματα!$A$6:$N$27,Δαπάνες!E14)))) -> 0 | G14: =IF(E14="","",E14*F14/1000) -> 0
A15: =IF(B15="","",A14+1) -> 7 | B15: =Δαπάνες!$B$15 -> Δ1 | C15: =Δαπάνες!$C$15 -> Θέρμανση | D15: =Δαπάνες!$D$15 -> Πετρέλαιο Αυτόνομης Θέρμανσης | E15: =IF(Δαπάνες!$F$15="","",Δαπάνες!$F$15) -> 700 | F15: =IF(E15="","",IF(A5="","",IF(HLOOKUP($F$1,Ώρες!$A$29:$P$52,A5+2)="","",HLOOKUP($F$1,Ώρες!$A$29:$P$52,A5+2)))) -> 72 | G15: =IF(A5="","",IF(INDIRECT(ADDRESS(A4,16,3,,"Θέρμανση"))="","",VLOOKUP(A5,Θέρμανση!$A$5:$R$26,18))) -> 0
A16: =IF(B16="","",A15+1) -> 8 | B16: =Δαπάνες!$B$16 -> Δ2 | D16: =Δαπάνες!$D$16 -> Συντήρηση Καυστήρα | E16: =IF(Δαπάνες!$F$16="","",Δαπάνες!$F$16) -> 70 | F16: =IF(E16="","",IF($A$5="","",IF(INDIRECT(ADDRESS($B$5,16,3,,"Διαμερίσματα"))="","",VLOOKUP($A$5,Διαμερίσματα!$A$6:$P$27,Δαπάνες!E16)))) -> 0 | G16: =IF(E16="","",E16*F16/1000) -> 0
A17: =IF(B17="","",A16+1) -> 9 | B17: =Δαπάνες!$B$17 -> Ε1 | C17: =Δαπάνες!$C$17 -> Έξοδα Ιδιοκτητών | D17: =Δαπάνες!$D$17 -> Συντήρηση Πολυκατοικίας | E17: =IF(Δαπάνες!$F$17="","",Δαπάνες!$F$17) -> 100 | F17: =IF(E17="","",IF($A$5="","",IF(INDIRECT(ADDRESS($B$5,13,3,,"Διαμερίσματα"))="","",VLOOKUP($A$5,Διαμερίσματα!$A$6:$N$27,Δαπάνες!E17)))) -> 0 | G17: =IF(E17="","",E17*F17/1000) -> 0
A18: =IF(B18="","",A17+1) -> 10 | B18: =Δαπάνες!$B$18 -> Ζ1 | C18: =Δαπάνες!$C$18 -> Λοιπά Έξοδα | D18: =Δαπάνες!$D$18 -> Πάγιο Αποθεματικό | E18: =IF(Δαπάνες!$F$18="","",Δαπάνες!$F$18) -> 200 | F18: =IF(E18="","",IF($A$5="","",IF(INDIRECT(ADDRESS($B$5,13,3,,"Διαμερίσματα"))="","",VLOOKUP($A$5,Διαμερίσματα!$A$6:$N$27,Δαπάνες!E18)))) -> 0 | G18: =IF(E18="","",E18*F18/1000) -> 0
A19: =IF(B19="","",A18+1) -> 11 | B19: =Δαπάνες!$B$19 -> Η1 | C19: =Δαπάνες!$C$19 -> Διαχείριση | D19: =Δαπάνες!$D$19 -> Αμοιβή Διαχειριστή | E19: =IF(Δαπάνες!$F$19="","",Δαπάνες!$F$19) -> 80 | F19: =IF(E19="","",IF($A$5="","",IF(INDIRECT(ADDRESS($B$5,13,3,,"Διαμερίσματα"))="","",VLOOKUP($A$5,Διαμερίσματα!$A$6:$N$27,Δαπάνες!E19)))) -> 0 | G19: =IF(E19="","",E19*F19/1000) -> 0
A20: =IF(B20="","",A19+1) -> 12 | B20: =Δαπάνες!$B$20 -> Η2 | D20: =Δαπάνες!$D$20 -> Έκδοση Κοινοχρήστων | E20: =IF(Δαπάνες!$F$20="","",Δαπάνες!$F$20) -> 20 | F20: =IF(E20="","",IF(Διαμερίσματα!C16="",1000/Διαμερίσματα!$D$28,Διαμερίσματα!$B$30*10/Διαμερίσματα!$D$28)) -> 0 | G20: =IF(E20="","",E20*F20/1000) -> 0
A21: Σ Υ Ν Ο Λ Α (Πληρωτέο, με απόκλιση 0,5 €, λόγω στρογγυλοποίησης) | E21: =SUM(E9:E20) -> 1480 | G21: =SUM(G9:G20) -> 0
A22: ='1-2'!$A$22:$G$22 -> Έγινε συντήρηση του καυστήρα.
A23: ='1-2'!$A$23:$G$23 -> Η συντήρηση του Ανελκυστήρα, από 55€*12μήνες, έγινε 55€*8μήνες.
E25: Επιστροφή στην ΠΛΟΗΓΗΣΗ
D26: =ΣΤΟΙΧΕΙΑ!$C$3 -> Κ Ο Ι Ν Ο Χ Ρ Η Σ Τ Α : | F26: =ΣΤΟΙΧΕΙΑ!$C$11 -> 40878
C27: =ΣΤΟΙΧΕΙΑ!$C$2 -> Πολυκατοικία : | D27: =ΣΤΟΙΧΕΙΑ!$C$12 -> Διευθύνση 123 | E27: =ΣΤΟΙΧΕΙΑ!$C$13 -> Νεάπολη - ΑΤΤΙΚΗΣ.
A28: =ΣΤΟΙΧΕΙΑ!$C$7 -> Επεξεργασία: Φ.Τσιρίδης, 6977-66.66.99 | D28: =IF(A30="","",IF(INDIRECT(ADDRESS(B30,9,3,,"Διαμερίσματα"))="","",(VLOOKUP(A30,Θέρμανση!$A$5:$H$26,8))*E40)) -> 0 | E28: =ΣΤΟΙΧΕΙΑ!$C$8 -> Διαχειριστής: Φ.Διαχειριστίδης, 697-1234567
A29: =4+A30 -> 16 | C29: Ιδιοκτήτης: | D29: =IF(A30="","",IF(INDIRECT(ADDRESS(B30,6,3,,"Διαμερίσματα"))="","",VLOOKUP(A30,Διαμερίσματα!$A$6:$N$27,6))) -> Ιδιοκτήτης-12 | E29: Τηλέφωνο: | F29: =IF(A30="","",IF(INDIRECT(ADDRESS(B30,7,3,,"Διαμερίσματα"))="","",VLOOKUP(A30,Διαμερίσματα!$A$6:$N$27,7)))
A30: =A5+1 -> 12 | B30: =5+A30 -> 17 | C30: Ένοικος: | D30: =IF(A30="","",IF(INDIRECT(ADDRESS(B30,9,3,,"Διαμερίσματα"))="","",VLOOKUP(A30,Διαμερίσματα!$A$6:$N$27,9))) -> Ιδιοκτήτης-12 | E30: Τηλέφωνο: | F30: =IF(A30="","",IF(INDIRECT(ADDRESS(B30,10,3,,"Διαμερίσματα"))="","",VLOOKUP(A30,Διαμερίσματα!$A$6:$N$27,10)))
A31: =IF(A30="","",IF(INDIRECT(ADDRESS(B30,2,3,,"Διαμερίσματα"))="","",VLOOKUP(A30,Διαμερίσματα!$A$6:$N$27,2))) -> Γ1 | C31: =IF(A30="","",IF(INDIRECT(ADDRESS(B30,3,3,,"Διαμερίσματα"))="","",VLOOKUP(A30,Διαμερίσματα!$A$6:$N$27,3))) | D31: Όροφος : | E31: =IF(A30="","",IF(INDIRECT(ADDRESS(B30,4,3,,"Διαμερίσματα"))="","",VLOOKUP(A30,Διαμερίσματα!$A$6:$N$27,4))) -> 3ος | F31: =IF(A30="","",IF(INDIRECT(ADDRESS(B30,5,3,,"Διαμερίσματα"))="","",VLOOKUP(A30,Διαμερίσματα!$A$6:$N$27,5))) -> 60 | G31: τ.μ.
A32: Α/Α | B32: Κωδικός | C32: Κατηγορία | D32: Αιτιολογία | E32: Ολική Δαπάνη | F32: Χιλιοστά | G32: Πληρωτέο Ποσό
A33: 1 | B33: 2 | C33: 3 | D33: 4 | E33: 5 | F33: 6 | G33: 7
A34: =IF(B34="","",1) -> 1 | B34: =Δαπάνες!$B$9 -> Α1 | C34: =Δαπάνες!$C$9 -> Γενικά Κοινόχρηστα | D34: =Δαπάνες!$D$9 -> ΔΕΗ Κοινόχρηστων Χώρων | E34: =IF(Δαπάνες!$F$9="","",Δαπάνες!$F$9) -> 100 | F34: =IF(E34="","",IF($A$30="","",IF(INDIRECT(ADDRESS($B$30,14,3,,"Διαμερίσματα"))="","",VLOOKUP($A$30,Διαμερίσματα!$A$6:$N$27,Δαπάνες!E9)))) -> 33.401609 | G34: =IF(E34="","",E34*F34/1000) -> 3.3401609
A35: =IF(B35="","",A34+1) -> 2 | B35: =Δαπάνες!$B$10 -> Α2 | D35: =Δαπάνες!$D$10 -> Καθαρισμός Κοινόχρηστων Χώρων | E35: =IF(Δαπάνες!$F$10="","",Δαπάνες!$F$10) -> 70 | F35: =IF(E35="","",IF($A$30="","",IF(INDIRECT(ADDRESS($B$30,14,3,,"Διαμερίσματα"))="","",VLOOKUP($A$30,Διαμερίσματα!$A$6:$N$27,Δαπάνες!E10)))) -> 33.401609 | G35: =IF(E35="","",E35*F35/1000) -> 2.3381126
